"","ID.Ibex","Response","FeatureMatch","Word1","Word2","WordPair"
"1","67722f8e3a4f08a288a1f640","99","SelfPair","corpse","corpse","corpse-corpse"
"2","67722f8e3a4f08a288a1f640","0","MaxMismatch","sunshine","inmate","sunshine-inmate"
"3","67722f8e3a4f08a288a1f640","0","ConceptualMatchingOnly","dictator","chipmunk","dictator-chipmunk"
"4","67722f8e3a4f08a288a1f640","99","SelfPair","pizza","pizza","pizza-pizza"
"5","67722f8e3a4f08a288a1f640","0","ConceptualMatchingOnly","corpse","feast","corpse-feast"
"6","67722f8e3a4f08a288a1f640","0","MaxMatch","wiretap","cocaine","wiretap-cocaine"
"7","67722f8e3a4f08a288a1f640","0","ConceptualMatchingOnly","poison","doughnut","poison-doughnut"
"8","67722f8e3a4f08a288a1f640","0","MaxMismatch","wiretap","chipmunk","wiretap-chipmunk"
"9","67722f8e3a4f08a288a1f640","0","MaxMismatch","heroin","husband","heroin-husband"
"10","67722f8e3a4f08a288a1f640","99","SelfPair","poison","poison","poison-poison"
"11","67722f8e3a4f08a288a1f640","0","MaxMatch","asshole","inmate","asshole-inmate"
"12","67722f8e3a4f08a288a1f640","0","ConceptualMatchingOnly","asshole","bunny","asshole-bunny"
"13","67722f8e3a4f08a288a1f640","0","MaxMismatch","pizza","dictator","pizza-dictator"
"14","67722f8e3a4f08a288a1f640","99","SelfPair","meadow","meadow","meadow-meadow"
"15","67722f8e3a4f08a288a1f640","0","ValenceMatchingOnly","laughter","bunny","laughter-bunny"
"16","67722f8e3a4f08a288a1f640","0","ValenceMatchingOnly","heroin","inmate","heroin-inmate"
"17","67722f8e3a4f08a288a1f640","0","ConceptualMatchingOnly","tapeworm","comedian","tapeworm-comedian"
"18","67722f8e3a4f08a288a1f640","0","MaxMismatch","feast","tapeworm","feast-tapeworm"
"19","67722f8e3a4f08a288a1f640","0","MaxMismatch","flood","duckling","flood-duckling"
"20","67722f8e3a4f08a288a1f640","0","MaxMismatch","cocaine","bunny","cocaine-bunny"
"21","67722f8e3a4f08a288a1f640","0","ValenceMatchingOnly","smallpox","widow","smallpox-widow"
"22","67722f8e3a4f08a288a1f640","0","ValenceMatchingOnly","cocaine","tapeworm","cocaine-tapeworm"
"23","67722f8e3a4f08a288a1f640","0","MaxMatch","heroin","swastika","heroin-swastika"
"24","67722f8e3a4f08a288a1f640","0","MaxMismatch","excrement","princess","excrement-princess"
"25","67722f8e3a4f08a288a1f640","0","MaxMatch","poison","corpse","poison-corpse"
"26","67722f8e3a4f08a288a1f640","0","ConceptualMatchingOnly","intruder","sibling","intruder-sibling"
"27","67722f8e3a4f08a288a1f640","99","SelfPair","slave","slave","slave-slave"
"28","67722f8e3a4f08a288a1f640","0","ConceptualMatchingOnly","cocaine","prize","cocaine-prize"
"29","67722f8e3a4f08a288a1f640","99","SelfPair","heroin","heroin","heroin-heroin"
"30","67722f8e3a4f08a288a1f640","0","ValenceMatchingOnly","dollar","princess","dollar-princess"
"31","67722f8e3a4f08a288a1f640","99","SelfPair","princess","princess","princess-princess"
"32","67722f8e3a4f08a288a1f640","0","ValenceMatchingOnly","corpse","slave","corpse-slave"
"33","67722f8e3a4f08a288a1f640","0","MaxMatch","award","sandwich","award-sandwich"
"34","67722f8e3a4f08a288a1f640","0","ConceptualMatchingOnly","flood","sandwich","flood-sandwich"
"35","67722f8e3a4f08a288a1f640","0","MaxMatch","puppy","chipmunk","puppy-chipmunk"
"36","67722f8e3a4f08a288a1f640","0","ValenceMatchingOnly","sunshine","comedian","sunshine-comedian"
"37","67722f8e3a4f08a288a1f640","99","SelfPair","bunny","bunny","bunny-bunny"
"38","67722f8e3a4f08a288a1f640","0","MaxMismatch","poison","kitten","poison-kitten"
"39","67722f8e3a4f08a288a1f640","0","MaxMismatch","sandwich","slave","sandwich-slave"
"40","67722f8e3a4f08a288a1f640","0","ValenceMatchingOnly","doughnut","husband","doughnut-husband"
"41","67722f8e3a4f08a288a1f640","99","SelfPair","husband","husband","husband-husband"
"42","67722f8e3a4f08a288a1f640","0","ConceptualMatchingOnly","gunshot","meadow","gunshot-meadow"
"43","67722f8e3a4f08a288a1f640","0","ValenceMatchingOnly","pizza","chipmunk","pizza-chipmunk"
"44","67722f8e3a4f08a288a1f640","0","MaxMatch","slave","widow","slave-widow"
"45","67722f8e3a4f08a288a1f640","99","SelfPair","flood","flood","flood-flood"
"46","67722f8e3a4f08a288a1f640","0","MaxMatch","laughter","meadow","laughter-meadow"
"47","67722f8e3a4f08a288a1f640","0","MaxMatch","duckling","princess","duckling-princess"
"48","67722f8e3a4f08a288a1f640","0","MaxMatch","feast","doughnut","feast-doughnut"
"49","67722f8e3a4f08a288a1f640","0","ValenceMatchingOnly","award","duckling","award-duckling"
"50","67722f8e3a4f08a288a1f640","0","ConceptualMatchingOnly","smallpox","award","smallpox-award"
"51","633eb584ec1a3cf0efdc2563","0","ConceptualMatchingOnly","flood","sandwich","flood-sandwich"
"52","633eb584ec1a3cf0efdc2563","0","MaxMismatch","poison","kitten","poison-kitten"
"53","633eb584ec1a3cf0efdc2563","58","MaxMismatch","feast","tapeworm","feast-tapeworm"
"54","633eb584ec1a3cf0efdc2563","6","ValenceMatchingOnly","heroin","inmate","heroin-inmate"
"55","633eb584ec1a3cf0efdc2563","6","MaxMismatch","flood","duckling","flood-duckling"
"56","633eb584ec1a3cf0efdc2563","0","ConceptualMatchingOnly","cocaine","prize","cocaine-prize"
"57","633eb584ec1a3cf0efdc2563","0","MaxMismatch","sunshine","inmate","sunshine-inmate"
"58","633eb584ec1a3cf0efdc2563","0","MaxMatch","duckling","princess","duckling-princess"
"59","633eb584ec1a3cf0efdc2563","99","SelfPair","slave","slave","slave-slave"
"60","633eb584ec1a3cf0efdc2563","0","ValenceMatchingOnly","award","duckling","award-duckling"
"61","633eb584ec1a3cf0efdc2563","0","ConceptualMatchingOnly","intruder","sibling","intruder-sibling"
"62","633eb584ec1a3cf0efdc2563","13","ConceptualMatchingOnly","corpse","feast","corpse-feast"
"63","633eb584ec1a3cf0efdc2563","99","SelfPair","princess","princess","princess-princess"
"64","633eb584ec1a3cf0efdc2563","76","MaxMatch","feast","doughnut","feast-doughnut"
"65","633eb584ec1a3cf0efdc2563","0","ValenceMatchingOnly","laughter","bunny","laughter-bunny"
"66","633eb584ec1a3cf0efdc2563","99","SelfPair","bunny","bunny","bunny-bunny"
"67","633eb584ec1a3cf0efdc2563","0","ValenceMatchingOnly","cocaine","tapeworm","cocaine-tapeworm"
"68","633eb584ec1a3cf0efdc2563","0","MaxMatch","award","sandwich","award-sandwich"
"69","633eb584ec1a3cf0efdc2563","0","MaxMismatch","cocaine","bunny","cocaine-bunny"
"70","633eb584ec1a3cf0efdc2563","0","MaxMismatch","pizza","dictator","pizza-dictator"
"71","633eb584ec1a3cf0efdc2563","0","MaxMatch","laughter","meadow","laughter-meadow"
"72","633eb584ec1a3cf0efdc2563","0","ConceptualMatchingOnly","poison","doughnut","poison-doughnut"
"73","633eb584ec1a3cf0efdc2563","0","ConceptualMatchingOnly","dictator","chipmunk","dictator-chipmunk"
"74","633eb584ec1a3cf0efdc2563","99","SelfPair","poison","poison","poison-poison"
"75","633eb584ec1a3cf0efdc2563","99","SelfPair","corpse","corpse","corpse-corpse"
"76","633eb584ec1a3cf0efdc2563","99","SelfPair","pizza","pizza","pizza-pizza"
"77","633eb584ec1a3cf0efdc2563","0","ValenceMatchingOnly","doughnut","husband","doughnut-husband"
"78","633eb584ec1a3cf0efdc2563","0","MaxMatch","heroin","swastika","heroin-swastika"
"79","633eb584ec1a3cf0efdc2563","0","MaxMatch","poison","corpse","poison-corpse"
"80","633eb584ec1a3cf0efdc2563","0","ValenceMatchingOnly","smallpox","widow","smallpox-widow"
"81","633eb584ec1a3cf0efdc2563","0","MaxMatch","wiretap","cocaine","wiretap-cocaine"
"82","633eb584ec1a3cf0efdc2563","0","ConceptualMatchingOnly","smallpox","award","smallpox-award"
"83","633eb584ec1a3cf0efdc2563","0","ConceptualMatchingOnly","tapeworm","comedian","tapeworm-comedian"
"84","633eb584ec1a3cf0efdc2563","99","SelfPair","husband","husband","husband-husband"
"85","633eb584ec1a3cf0efdc2563","99","SelfPair","heroin","heroin","heroin-heroin"
"86","633eb584ec1a3cf0efdc2563","0","MaxMismatch","sandwich","slave","sandwich-slave"
"87","633eb584ec1a3cf0efdc2563","0","MaxMatch","asshole","inmate","asshole-inmate"
"88","633eb584ec1a3cf0efdc2563","0","ConceptualMatchingOnly","gunshot","meadow","gunshot-meadow"
"89","633eb584ec1a3cf0efdc2563","0","ValenceMatchingOnly","corpse","slave","corpse-slave"
"90","633eb584ec1a3cf0efdc2563","0","ConceptualMatchingOnly","asshole","bunny","asshole-bunny"
"91","633eb584ec1a3cf0efdc2563","0","ValenceMatchingOnly","pizza","chipmunk","pizza-chipmunk"
"92","633eb584ec1a3cf0efdc2563","0","MaxMismatch","excrement","princess","excrement-princess"
"93","633eb584ec1a3cf0efdc2563","0","ValenceMatchingOnly","dollar","princess","dollar-princess"
"94","633eb584ec1a3cf0efdc2563","0","MaxMismatch","heroin","husband","heroin-husband"
"95","633eb584ec1a3cf0efdc2563","99","SelfPair","meadow","meadow","meadow-meadow"
"96","633eb584ec1a3cf0efdc2563","0","MaxMismatch","wiretap","chipmunk","wiretap-chipmunk"
"97","633eb584ec1a3cf0efdc2563","0","MaxMatch","puppy","chipmunk","puppy-chipmunk"
"98","633eb584ec1a3cf0efdc2563","0","ValenceMatchingOnly","sunshine","comedian","sunshine-comedian"
"99","633eb584ec1a3cf0efdc2563","0","MaxMatch","slave","widow","slave-widow"
"100","633eb584ec1a3cf0efdc2563","99","SelfPair","flood","flood","flood-flood"
"101","671fc2934f35cdbf03a47f8f","38","MaxMatch","award","sandwich","award-sandwich"
"102","671fc2934f35cdbf03a47f8f","33","MaxMatch","duckling","princess","duckling-princess"
"103","671fc2934f35cdbf03a47f8f","33","ValenceMatchingOnly","award","duckling","award-duckling"
"104","671fc2934f35cdbf03a47f8f","30","MaxMatch","asshole","inmate","asshole-inmate"
"105","671fc2934f35cdbf03a47f8f","12","ConceptualMatchingOnly","poison","doughnut","poison-doughnut"
"106","671fc2934f35cdbf03a47f8f","4","ValenceMatchingOnly","corpse","slave","corpse-slave"
"107","671fc2934f35cdbf03a47f8f","28","MaxMismatch","excrement","princess","excrement-princess"
"108","671fc2934f35cdbf03a47f8f","14","ValenceMatchingOnly","heroin","inmate","heroin-inmate"
"109","671fc2934f35cdbf03a47f8f","99","SelfPair","slave","slave","slave-slave"
"110","671fc2934f35cdbf03a47f8f","76","MaxMismatch","heroin","husband","heroin-husband"
"111","671fc2934f35cdbf03a47f8f","25","ConceptualMatchingOnly","smallpox","award","smallpox-award"
"112","671fc2934f35cdbf03a47f8f","29","ConceptualMatchingOnly","gunshot","meadow","gunshot-meadow"
"113","671fc2934f35cdbf03a47f8f","11","ConceptualMatchingOnly","cocaine","prize","cocaine-prize"
"114","671fc2934f35cdbf03a47f8f","6","ValenceMatchingOnly","cocaine","tapeworm","cocaine-tapeworm"
"115","671fc2934f35cdbf03a47f8f","13","ConceptualMatchingOnly","dictator","chipmunk","dictator-chipmunk"
"116","671fc2934f35cdbf03a47f8f","11","MaxMatch","wiretap","cocaine","wiretap-cocaine"
"117","671fc2934f35cdbf03a47f8f","22","MaxMismatch","sunshine","inmate","sunshine-inmate"
"118","671fc2934f35cdbf03a47f8f","26","MaxMatch","heroin","swastika","heroin-swastika"
"119","671fc2934f35cdbf03a47f8f","99","SelfPair","bunny","bunny","bunny-bunny"
"120","671fc2934f35cdbf03a47f8f","13","ValenceMatchingOnly","sunshine","comedian","sunshine-comedian"
"121","671fc2934f35cdbf03a47f8f","27","ConceptualMatchingOnly","tapeworm","comedian","tapeworm-comedian"
"122","671fc2934f35cdbf03a47f8f","15","MaxMismatch","sandwich","slave","sandwich-slave"
"123","671fc2934f35cdbf03a47f8f","99","SelfPair","flood","flood","flood-flood"
"124","671fc2934f35cdbf03a47f8f","8","MaxMismatch","cocaine","bunny","cocaine-bunny"
"125","671fc2934f35cdbf03a47f8f","20","ValenceMatchingOnly","doughnut","husband","doughnut-husband"
"126","671fc2934f35cdbf03a47f8f","88","SelfPair","princess","princess","princess-princess"
"127","671fc2934f35cdbf03a47f8f","20","MaxMatch","slave","widow","slave-widow"
"128","671fc2934f35cdbf03a47f8f","99","SelfPair","poison","poison","poison-poison"
"129","671fc2934f35cdbf03a47f8f","13","MaxMatch","laughter","meadow","laughter-meadow"
"130","671fc2934f35cdbf03a47f8f","92","ValenceMatchingOnly","laughter","bunny","laughter-bunny"
"131","671fc2934f35cdbf03a47f8f","99","SelfPair","husband","husband","husband-husband"
"132","671fc2934f35cdbf03a47f8f","15","ConceptualMatchingOnly","flood","sandwich","flood-sandwich"
"133","671fc2934f35cdbf03a47f8f","99","SelfPair","meadow","meadow","meadow-meadow"
"134","671fc2934f35cdbf03a47f8f","24","MaxMismatch","pizza","dictator","pizza-dictator"
"135","671fc2934f35cdbf03a47f8f","17","MaxMatch","poison","corpse","poison-corpse"
"136","671fc2934f35cdbf03a47f8f","12","ValenceMatchingOnly","dollar","princess","dollar-princess"
"137","671fc2934f35cdbf03a47f8f","99","SelfPair","pizza","pizza","pizza-pizza"
"138","671fc2934f35cdbf03a47f8f","27","MaxMismatch","flood","duckling","flood-duckling"
"139","671fc2934f35cdbf03a47f8f","26","MaxMismatch","wiretap","chipmunk","wiretap-chipmunk"
"140","671fc2934f35cdbf03a47f8f","14","ValenceMatchingOnly","pizza","chipmunk","pizza-chipmunk"
"141","671fc2934f35cdbf03a47f8f","11","MaxMatch","feast","doughnut","feast-doughnut"
"142","671fc2934f35cdbf03a47f8f","11","MaxMatch","puppy","chipmunk","puppy-chipmunk"
"143","671fc2934f35cdbf03a47f8f","6","MaxMismatch","poison","kitten","poison-kitten"
"144","671fc2934f35cdbf03a47f8f","99","SelfPair","heroin","heroin","heroin-heroin"
"145","671fc2934f35cdbf03a47f8f","29","ConceptualMatchingOnly","intruder","sibling","intruder-sibling"
"146","671fc2934f35cdbf03a47f8f","16","ConceptualMatchingOnly","asshole","bunny","asshole-bunny"
"147","671fc2934f35cdbf03a47f8f","15","MaxMismatch","feast","tapeworm","feast-tapeworm"
"148","671fc2934f35cdbf03a47f8f","17","ValenceMatchingOnly","smallpox","widow","smallpox-widow"
"149","671fc2934f35cdbf03a47f8f","14","ConceptualMatchingOnly","corpse","feast","corpse-feast"
"150","671fc2934f35cdbf03a47f8f","99","SelfPair","corpse","corpse","corpse-corpse"
"151","66f823877596b277dd11eeea","0","MaxMismatch","wiretap","chipmunk","wiretap-chipmunk"
"152","66f823877596b277dd11eeea","0","MaxMismatch","cocaine","bunny","cocaine-bunny"
"153","66f823877596b277dd11eeea","99","SelfPair","corpse","corpse","corpse-corpse"
"154","66f823877596b277dd11eeea","0","MaxMismatch","excrement","princess","excrement-princess"
"155","66f823877596b277dd11eeea","0","MaxMatch","wiretap","cocaine","wiretap-cocaine"
"156","66f823877596b277dd11eeea","0","MaxMatch","puppy","chipmunk","puppy-chipmunk"
"157","66f823877596b277dd11eeea","0","ConceptualMatchingOnly","tapeworm","comedian","tapeworm-comedian"
"158","66f823877596b277dd11eeea","99","SelfPair","slave","slave","slave-slave"
"159","66f823877596b277dd11eeea","0","MaxMatch","duckling","princess","duckling-princess"
"160","66f823877596b277dd11eeea","99","SelfPair","meadow","meadow","meadow-meadow"
"161","66f823877596b277dd11eeea","99","SelfPair","flood","flood","flood-flood"
"162","66f823877596b277dd11eeea","1","ValenceMatchingOnly","smallpox","widow","smallpox-widow"
"163","66f823877596b277dd11eeea","0","ConceptualMatchingOnly","corpse","feast","corpse-feast"
"164","66f823877596b277dd11eeea","0","MaxMismatch","sunshine","inmate","sunshine-inmate"
"165","66f823877596b277dd11eeea","0","MaxMismatch","heroin","husband","heroin-husband"
"166","66f823877596b277dd11eeea","99","SelfPair","poison","poison","poison-poison"
"167","66f823877596b277dd11eeea","0","MaxMatch","heroin","swastika","heroin-swastika"
"168","66f823877596b277dd11eeea","0","ConceptualMatchingOnly","flood","sandwich","flood-sandwich"
"169","66f823877596b277dd11eeea","99","SelfPair","princess","princess","princess-princess"
"170","66f823877596b277dd11eeea","0","MaxMatch","laughter","meadow","laughter-meadow"
"171","66f823877596b277dd11eeea","99","SelfPair","husband","husband","husband-husband"
"172","66f823877596b277dd11eeea","78","MaxMatch","feast","doughnut","feast-doughnut"
"173","66f823877596b277dd11eeea","0","ValenceMatchingOnly","pizza","chipmunk","pizza-chipmunk"
"174","66f823877596b277dd11eeea","99","SelfPair","pizza","pizza","pizza-pizza"
"175","66f823877596b277dd11eeea","0","MaxMismatch","flood","duckling","flood-duckling"
"176","66f823877596b277dd11eeea","0","ConceptualMatchingOnly","smallpox","award","smallpox-award"
"177","66f823877596b277dd11eeea","0","MaxMismatch","pizza","dictator","pizza-dictator"
"178","66f823877596b277dd11eeea","0","ValenceMatchingOnly","corpse","slave","corpse-slave"
"179","66f823877596b277dd11eeea","0","ConceptualMatchingOnly","asshole","bunny","asshole-bunny"
"180","66f823877596b277dd11eeea","0","ConceptualMatchingOnly","poison","doughnut","poison-doughnut"
"181","66f823877596b277dd11eeea","0","ConceptualMatchingOnly","intruder","sibling","intruder-sibling"
"182","66f823877596b277dd11eeea","99","SelfPair","bunny","bunny","bunny-bunny"
"183","66f823877596b277dd11eeea","0","MaxMismatch","poison","kitten","poison-kitten"
"184","66f823877596b277dd11eeea","0","ValenceMatchingOnly","heroin","inmate","heroin-inmate"
"185","66f823877596b277dd11eeea","0","MaxMatch","award","sandwich","award-sandwich"
"186","66f823877596b277dd11eeea","0","ValenceMatchingOnly","award","duckling","award-duckling"
"187","66f823877596b277dd11eeea","0","ValenceMatchingOnly","sunshine","comedian","sunshine-comedian"
"188","66f823877596b277dd11eeea","0","ConceptualMatchingOnly","gunshot","meadow","gunshot-meadow"
"189","66f823877596b277dd11eeea","0","ConceptualMatchingOnly","dictator","chipmunk","dictator-chipmunk"
"190","66f823877596b277dd11eeea","0","ConceptualMatchingOnly","cocaine","prize","cocaine-prize"
"191","66f823877596b277dd11eeea","99","SelfPair","heroin","heroin","heroin-heroin"
"192","66f823877596b277dd11eeea","0","ValenceMatchingOnly","cocaine","tapeworm","cocaine-tapeworm"
"193","66f823877596b277dd11eeea","77","MaxMatch","poison","corpse","poison-corpse"
"194","66f823877596b277dd11eeea","71","MaxMatch","asshole","inmate","asshole-inmate"
"195","66f823877596b277dd11eeea","0","MaxMatch","slave","widow","slave-widow"
"196","66f823877596b277dd11eeea","0","MaxMismatch","feast","tapeworm","feast-tapeworm"
"197","66f823877596b277dd11eeea","0","ValenceMatchingOnly","doughnut","husband","doughnut-husband"
"198","66f823877596b277dd11eeea","0","ValenceMatchingOnly","dollar","princess","dollar-princess"
"199","66f823877596b277dd11eeea","0","ValenceMatchingOnly","laughter","bunny","laughter-bunny"
"200","66f823877596b277dd11eeea","0","MaxMismatch","sandwich","slave","sandwich-slave"
"201","638a3fd5992f01b81d0e1e93","0","ValenceMatchingOnly","doughnut","husband","doughnut-husband"
"202","638a3fd5992f01b81d0e1e93","0","MaxMismatch","sandwich","slave","sandwich-slave"
"203","638a3fd5992f01b81d0e1e93","67","ValenceMatchingOnly","cocaine","tapeworm","cocaine-tapeworm"
"204","638a3fd5992f01b81d0e1e93","0","ConceptualMatchingOnly","smallpox","award","smallpox-award"
"205","638a3fd5992f01b81d0e1e93","0","MaxMismatch","pizza","dictator","pizza-dictator"
"206","638a3fd5992f01b81d0e1e93","0","MaxMismatch","poison","kitten","poison-kitten"
"207","638a3fd5992f01b81d0e1e93","0","ConceptualMatchingOnly","tapeworm","comedian","tapeworm-comedian"
"208","638a3fd5992f01b81d0e1e93","1","ValenceMatchingOnly","sunshine","comedian","sunshine-comedian"
"209","638a3fd5992f01b81d0e1e93","70","MaxMismatch","heroin","husband","heroin-husband"
"210","638a3fd5992f01b81d0e1e93","99","SelfPair","heroin","heroin","heroin-heroin"
"211","638a3fd5992f01b81d0e1e93","31","ValenceMatchingOnly","corpse","slave","corpse-slave"
"212","638a3fd5992f01b81d0e1e93","0","MaxMismatch","excrement","princess","excrement-princess"
"213","638a3fd5992f01b81d0e1e93","0","ConceptualMatchingOnly","dictator","chipmunk","dictator-chipmunk"
"214","638a3fd5992f01b81d0e1e93","67","MaxMatch","wiretap","cocaine","wiretap-cocaine"
"215","638a3fd5992f01b81d0e1e93","60","MaxMatch","feast","doughnut","feast-doughnut"
"216","638a3fd5992f01b81d0e1e93","63","MaxMismatch","cocaine","bunny","cocaine-bunny"
"217","638a3fd5992f01b81d0e1e93","71","MaxMatch","award","sandwich","award-sandwich"
"218","638a3fd5992f01b81d0e1e93","73","MaxMismatch","flood","duckling","flood-duckling"
"219","638a3fd5992f01b81d0e1e93","99","SelfPair","princess","princess","princess-princess"
"220","638a3fd5992f01b81d0e1e93","99","SelfPair","corpse","corpse","corpse-corpse"
"221","638a3fd5992f01b81d0e1e93","86","MaxMismatch","feast","tapeworm","feast-tapeworm"
"222","638a3fd5992f01b81d0e1e93","0","ConceptualMatchingOnly","flood","sandwich","flood-sandwich"
"223","638a3fd5992f01b81d0e1e93","82","ConceptualMatchingOnly","cocaine","prize","cocaine-prize"
"224","638a3fd5992f01b81d0e1e93","0","ValenceMatchingOnly","pizza","chipmunk","pizza-chipmunk"
"225","638a3fd5992f01b81d0e1e93","67","ConceptualMatchingOnly","poison","doughnut","poison-doughnut"
"226","638a3fd5992f01b81d0e1e93","99","SelfPair","husband","husband","husband-husband"
"227","638a3fd5992f01b81d0e1e93","99","SelfPair","bunny","bunny","bunny-bunny"
"228","638a3fd5992f01b81d0e1e93","0","ConceptualMatchingOnly","asshole","bunny","asshole-bunny"
"229","638a3fd5992f01b81d0e1e93","78","ConceptualMatchingOnly","intruder","sibling","intruder-sibling"
"230","638a3fd5992f01b81d0e1e93","67","ValenceMatchingOnly","smallpox","widow","smallpox-widow"
"231","638a3fd5992f01b81d0e1e93","84","ValenceMatchingOnly","heroin","inmate","heroin-inmate"
"232","638a3fd5992f01b81d0e1e93","0","MaxMismatch","wiretap","chipmunk","wiretap-chipmunk"
"233","638a3fd5992f01b81d0e1e93","90","MaxMatch","asshole","inmate","asshole-inmate"
"234","638a3fd5992f01b81d0e1e93","99","SelfPair","slave","slave","slave-slave"
"235","638a3fd5992f01b81d0e1e93","87","ValenceMatchingOnly","laughter","bunny","laughter-bunny"
"236","638a3fd5992f01b81d0e1e93","99","SelfPair","pizza","pizza","pizza-pizza"
"237","638a3fd5992f01b81d0e1e93","81","MaxMatch","puppy","chipmunk","puppy-chipmunk"
"238","638a3fd5992f01b81d0e1e93","62","ValenceMatchingOnly","dollar","princess","dollar-princess"
"239","638a3fd5992f01b81d0e1e93","92","MaxMatch","poison","corpse","poison-corpse"
"240","638a3fd5992f01b81d0e1e93","99","SelfPair","poison","poison","poison-poison"
"241","638a3fd5992f01b81d0e1e93","25","MaxMatch","heroin","swastika","heroin-swastika"
"242","638a3fd5992f01b81d0e1e93","14","MaxMismatch","sunshine","inmate","sunshine-inmate"
"243","638a3fd5992f01b81d0e1e93","84","MaxMatch","laughter","meadow","laughter-meadow"
"244","638a3fd5992f01b81d0e1e93","99","SelfPair","flood","flood","flood-flood"
"245","638a3fd5992f01b81d0e1e93","99","SelfPair","meadow","meadow","meadow-meadow"
"246","638a3fd5992f01b81d0e1e93","65","MaxMatch","slave","widow","slave-widow"
"247","638a3fd5992f01b81d0e1e93","0","ConceptualMatchingOnly","gunshot","meadow","gunshot-meadow"
"248","638a3fd5992f01b81d0e1e93","78","MaxMatch","duckling","princess","duckling-princess"
"249","638a3fd5992f01b81d0e1e93","78","ValenceMatchingOnly","award","duckling","award-duckling"
"250","638a3fd5992f01b81d0e1e93","73","ConceptualMatchingOnly","corpse","feast","corpse-feast"
"251","58578946c41fd90001434680","0","SelfPair","heroin","heroin","heroin-heroin"
"252","58578946c41fd90001434680","0","ValenceMatchingOnly","dollar","princess","dollar-princess"
"253","58578946c41fd90001434680","0","MaxMismatch","excrement","princess","excrement-princess"
"254","58578946c41fd90001434680","0","ValenceMatchingOnly","sunshine","comedian","sunshine-comedian"
"255","58578946c41fd90001434680","0","MaxMatch","poison","corpse","poison-corpse"
"256","58578946c41fd90001434680","97","SelfPair","husband","husband","husband-husband"
"257","58578946c41fd90001434680","0","MaxMismatch","heroin","husband","heroin-husband"
"258","58578946c41fd90001434680","0","ValenceMatchingOnly","doughnut","husband","doughnut-husband"
"259","58578946c41fd90001434680","0","MaxMatch","duckling","princess","duckling-princess"
"260","58578946c41fd90001434680","15","MaxMatch","puppy","chipmunk","puppy-chipmunk"
"261","58578946c41fd90001434680","99","SelfPair","bunny","bunny","bunny-bunny"
"262","58578946c41fd90001434680","0","ConceptualMatchingOnly","tapeworm","comedian","tapeworm-comedian"
"263","58578946c41fd90001434680","99","SelfPair","flood","flood","flood-flood"
"264","58578946c41fd90001434680","99","SelfPair","slave","slave","slave-slave"
"265","58578946c41fd90001434680","0","ValenceMatchingOnly","cocaine","tapeworm","cocaine-tapeworm"
"266","58578946c41fd90001434680","0","ValenceMatchingOnly","pizza","chipmunk","pizza-chipmunk"
"267","58578946c41fd90001434680","0","ValenceMatchingOnly","laughter","bunny","laughter-bunny"
"268","58578946c41fd90001434680","0","MaxMismatch","cocaine","bunny","cocaine-bunny"
"269","58578946c41fd90001434680","0","ConceptualMatchingOnly","asshole","bunny","asshole-bunny"
"270","58578946c41fd90001434680","0","ValenceMatchingOnly","heroin","inmate","heroin-inmate"
"271","58578946c41fd90001434680","0","MaxMatch","slave","widow","slave-widow"
"272","58578946c41fd90001434680","0","ConceptualMatchingOnly","smallpox","award","smallpox-award"
"273","58578946c41fd90001434680","0","MaxMismatch","flood","duckling","flood-duckling"
"274","58578946c41fd90001434680","0","MaxMismatch","wiretap","chipmunk","wiretap-chipmunk"
"275","58578946c41fd90001434680","0","ValenceMatchingOnly","award","duckling","award-duckling"
"276","58578946c41fd90001434680","0","MaxMatch","heroin","swastika","heroin-swastika"
"277","58578946c41fd90001434680","0","ConceptualMatchingOnly","dictator","chipmunk","dictator-chipmunk"
"278","58578946c41fd90001434680","99","SelfPair","poison","poison","poison-poison"
"279","58578946c41fd90001434680","0","MaxMismatch","poison","kitten","poison-kitten"
"280","58578946c41fd90001434680","0","ValenceMatchingOnly","smallpox","widow","smallpox-widow"
"281","58578946c41fd90001434680","0","ConceptualMatchingOnly","corpse","feast","corpse-feast"
"282","58578946c41fd90001434680","0","MaxMismatch","sunshine","inmate","sunshine-inmate"
"283","58578946c41fd90001434680","0","ValenceMatchingOnly","corpse","slave","corpse-slave"
"284","58578946c41fd90001434680","0","MaxMatch","laughter","meadow","laughter-meadow"
"285","58578946c41fd90001434680","0","MaxMismatch","sandwich","slave","sandwich-slave"
"286","58578946c41fd90001434680","0","ConceptualMatchingOnly","poison","doughnut","poison-doughnut"
"287","58578946c41fd90001434680","0","ConceptualMatchingOnly","flood","sandwich","flood-sandwich"
"288","58578946c41fd90001434680","99","SelfPair","meadow","meadow","meadow-meadow"
"289","58578946c41fd90001434680","0","MaxMatch","feast","doughnut","feast-doughnut"
"290","58578946c41fd90001434680","0","MaxMismatch","pizza","dictator","pizza-dictator"
"291","58578946c41fd90001434680","0","MaxMatch","asshole","inmate","asshole-inmate"
"292","58578946c41fd90001434680","98","SelfPair","corpse","corpse","corpse-corpse"
"293","58578946c41fd90001434680","99","SelfPair","princess","princess","princess-princess"
"294","58578946c41fd90001434680","0","MaxMismatch","feast","tapeworm","feast-tapeworm"
"295","58578946c41fd90001434680","0","MaxMatch","wiretap","cocaine","wiretap-cocaine"
"296","58578946c41fd90001434680","0","ConceptualMatchingOnly","gunshot","meadow","gunshot-meadow"
"297","58578946c41fd90001434680","0","ConceptualMatchingOnly","cocaine","prize","cocaine-prize"
"298","58578946c41fd90001434680","0","MaxMatch","award","sandwich","award-sandwich"
"299","58578946c41fd90001434680","0","ConceptualMatchingOnly","intruder","sibling","intruder-sibling"
"300","58578946c41fd90001434680","98","SelfPair","pizza","pizza","pizza-pizza"
"301","670348a0446814e5ead1e672","25","ConceptualMatchingOnly","corpse","feast","corpse-feast"
"302","670348a0446814e5ead1e672","99","SelfPair","bunny","bunny","bunny-bunny"
"303","670348a0446814e5ead1e672","17","ValenceMatchingOnly","laughter","bunny","laughter-bunny"
"304","670348a0446814e5ead1e672","2","ValenceMatchingOnly","cocaine","tapeworm","cocaine-tapeworm"
"305","670348a0446814e5ead1e672","4","MaxMismatch","cocaine","bunny","cocaine-bunny"
"306","670348a0446814e5ead1e672","11","ConceptualMatchingOnly","smallpox","award","smallpox-award"
"307","670348a0446814e5ead1e672","68","MaxMatch","feast","doughnut","feast-doughnut"
"308","670348a0446814e5ead1e672","18","MaxMismatch","feast","tapeworm","feast-tapeworm"
"309","670348a0446814e5ead1e672","99","SelfPair","pizza","pizza","pizza-pizza"
"310","670348a0446814e5ead1e672","4","MaxMismatch","flood","duckling","flood-duckling"
"311","670348a0446814e5ead1e672","0","ValenceMatchingOnly","doughnut","husband","doughnut-husband"
"312","670348a0446814e5ead1e672","11","ValenceMatchingOnly","pizza","chipmunk","pizza-chipmunk"
"313","670348a0446814e5ead1e672","0","MaxMismatch","sandwich","slave","sandwich-slave"
"314","670348a0446814e5ead1e672","13","MaxMismatch","excrement","princess","excrement-princess"
"315","670348a0446814e5ead1e672","21","ValenceMatchingOnly","award","duckling","award-duckling"
"316","670348a0446814e5ead1e672","70","MaxMatch","poison","corpse","poison-corpse"
"317","670348a0446814e5ead1e672","13","MaxMismatch","heroin","husband","heroin-husband"
"318","670348a0446814e5ead1e672","99","SelfPair","poison","poison","poison-poison"
"319","670348a0446814e5ead1e672","19","MaxMatch","heroin","swastika","heroin-swastika"
"320","670348a0446814e5ead1e672","16","ValenceMatchingOnly","corpse","slave","corpse-slave"
"321","670348a0446814e5ead1e672","3","ConceptualMatchingOnly","tapeworm","comedian","tapeworm-comedian"
"322","670348a0446814e5ead1e672","21","MaxMismatch","wiretap","chipmunk","wiretap-chipmunk"
"323","670348a0446814e5ead1e672","5","ConceptualMatchingOnly","dictator","chipmunk","dictator-chipmunk"
"324","670348a0446814e5ead1e672","18","ValenceMatchingOnly","sunshine","comedian","sunshine-comedian"
"325","670348a0446814e5ead1e672","99","SelfPair","flood","flood","flood-flood"
"326","670348a0446814e5ead1e672","99","SelfPair","heroin","heroin","heroin-heroin"
"327","670348a0446814e5ead1e672","0","MaxMatch","laughter","meadow","laughter-meadow"
"328","670348a0446814e5ead1e672","99","SelfPair","slave","slave","slave-slave"
"329","670348a0446814e5ead1e672","70","MaxMatch","puppy","chipmunk","puppy-chipmunk"
"330","670348a0446814e5ead1e672","9","MaxMismatch","pizza","dictator","pizza-dictator"
"331","670348a0446814e5ead1e672","0","MaxMismatch","poison","kitten","poison-kitten"
"332","670348a0446814e5ead1e672","10","MaxMatch","wiretap","cocaine","wiretap-cocaine"
"333","670348a0446814e5ead1e672","0","ConceptualMatchingOnly","cocaine","prize","cocaine-prize"
"334","670348a0446814e5ead1e672","7","ConceptualMatchingOnly","poison","doughnut","poison-doughnut"
"335","670348a0446814e5ead1e672","99","SelfPair","princess","princess","princess-princess"
"336","670348a0446814e5ead1e672","10","MaxMismatch","sunshine","inmate","sunshine-inmate"
"337","670348a0446814e5ead1e672","99","SelfPair","husband","husband","husband-husband"
"338","670348a0446814e5ead1e672","26","ConceptualMatchingOnly","intruder","sibling","intruder-sibling"
"339","670348a0446814e5ead1e672","5","MaxMatch","asshole","inmate","asshole-inmate"
"340","670348a0446814e5ead1e672","99","SelfPair","meadow","meadow","meadow-meadow"
"341","670348a0446814e5ead1e672","15","MaxMatch","slave","widow","slave-widow"
"342","670348a0446814e5ead1e672","4","ValenceMatchingOnly","smallpox","widow","smallpox-widow"
"343","670348a0446814e5ead1e672","99","SelfPair","corpse","corpse","corpse-corpse"
"344","670348a0446814e5ead1e672","0","ConceptualMatchingOnly","gunshot","meadow","gunshot-meadow"
"345","670348a0446814e5ead1e672","11","ValenceMatchingOnly","dollar","princess","dollar-princess"
"346","670348a0446814e5ead1e672","69","MaxMatch","duckling","princess","duckling-princess"
"347","670348a0446814e5ead1e672","21","ValenceMatchingOnly","heroin","inmate","heroin-inmate"
"348","670348a0446814e5ead1e672","0","ConceptualMatchingOnly","flood","sandwich","flood-sandwich"
"349","670348a0446814e5ead1e672","5","MaxMatch","award","sandwich","award-sandwich"
"350","670348a0446814e5ead1e672","2","ConceptualMatchingOnly","asshole","bunny","asshole-bunny"
"351","5d153b1f40218700189a05df","26","ValenceMatchingOnly","heroin","inmate","heroin-inmate"
"352","5d153b1f40218700189a05df","99","SelfPair","pizza","pizza","pizza-pizza"
"353","5d153b1f40218700189a05df","28","ConceptualMatchingOnly","cocaine","prize","cocaine-prize"
"354","5d153b1f40218700189a05df","99","SelfPair","slave","slave","slave-slave"
"355","5d153b1f40218700189a05df","99","SelfPair","poison","poison","poison-poison"
"356","5d153b1f40218700189a05df","0","ConceptualMatchingOnly","flood","sandwich","flood-sandwich"
"357","5d153b1f40218700189a05df","4","ConceptualMatchingOnly","intruder","sibling","intruder-sibling"
"358","5d153b1f40218700189a05df","99","SelfPair","flood","flood","flood-flood"
"359","5d153b1f40218700189a05df","99","SelfPair","heroin","heroin","heroin-heroin"
"360","5d153b1f40218700189a05df","10","MaxMatch","wiretap","cocaine","wiretap-cocaine"
"361","5d153b1f40218700189a05df","3","ConceptualMatchingOnly","asshole","bunny","asshole-bunny"
"362","5d153b1f40218700189a05df","0","MaxMismatch","heroin","husband","heroin-husband"
"363","5d153b1f40218700189a05df","0","MaxMismatch","excrement","princess","excrement-princess"
"364","5d153b1f40218700189a05df","3","MaxMatch","laughter","meadow","laughter-meadow"
"365","5d153b1f40218700189a05df","30","MaxMatch","puppy","chipmunk","puppy-chipmunk"
"366","5d153b1f40218700189a05df","1","ValenceMatchingOnly","corpse","slave","corpse-slave"
"367","5d153b1f40218700189a05df","2","ValenceMatchingOnly","dollar","princess","dollar-princess"
"368","5d153b1f40218700189a05df","1","ConceptualMatchingOnly","poison","doughnut","poison-doughnut"
"369","5d153b1f40218700189a05df","1","ValenceMatchingOnly","sunshine","comedian","sunshine-comedian"
"370","5d153b1f40218700189a05df","6","ValenceMatchingOnly","cocaine","tapeworm","cocaine-tapeworm"
"371","5d153b1f40218700189a05df","3","ValenceMatchingOnly","award","duckling","award-duckling"
"372","5d153b1f40218700189a05df","0","MaxMatch","duckling","princess","duckling-princess"
"373","5d153b1f40218700189a05df","0","ConceptualMatchingOnly","tapeworm","comedian","tapeworm-comedian"
"374","5d153b1f40218700189a05df","0","ConceptualMatchingOnly","corpse","feast","corpse-feast"
"375","5d153b1f40218700189a05df","0","MaxMismatch","flood","duckling","flood-duckling"
"376","5d153b1f40218700189a05df","0","ValenceMatchingOnly","pizza","chipmunk","pizza-chipmunk"
"377","5d153b1f40218700189a05df","0","ValenceMatchingOnly","laughter","bunny","laughter-bunny"
"378","5d153b1f40218700189a05df","20","MaxMismatch","feast","tapeworm","feast-tapeworm"
"379","5d153b1f40218700189a05df","10","MaxMatch","asshole","inmate","asshole-inmate"
"380","5d153b1f40218700189a05df","0","ConceptualMatchingOnly","dictator","chipmunk","dictator-chipmunk"
"381","5d153b1f40218700189a05df","99","SelfPair","princess","princess","princess-princess"
"382","5d153b1f40218700189a05df","99","SelfPair","husband","husband","husband-husband"
"383","5d153b1f40218700189a05df","0","MaxMismatch","sunshine","inmate","sunshine-inmate"
"384","5d153b1f40218700189a05df","1","MaxMatch","heroin","swastika","heroin-swastika"
"385","5d153b1f40218700189a05df","0","MaxMismatch","pizza","dictator","pizza-dictator"
"386","5d153b1f40218700189a05df","0","ConceptualMatchingOnly","gunshot","meadow","gunshot-meadow"
"387","5d153b1f40218700189a05df","0","MaxMatch","award","sandwich","award-sandwich"
"388","5d153b1f40218700189a05df","0","ValenceMatchingOnly","smallpox","widow","smallpox-widow"
"389","5d153b1f40218700189a05df","0","MaxMismatch","poison","kitten","poison-kitten"
"390","5d153b1f40218700189a05df","26","MaxMatch","feast","doughnut","feast-doughnut"
"391","5d153b1f40218700189a05df","99","SelfPair","bunny","bunny","bunny-bunny"
"392","5d153b1f40218700189a05df","0","ConceptualMatchingOnly","smallpox","award","smallpox-award"
"393","5d153b1f40218700189a05df","47","MaxMatch","poison","corpse","poison-corpse"
"394","5d153b1f40218700189a05df","99","SelfPair","meadow","meadow","meadow-meadow"
"395","5d153b1f40218700189a05df","0","MaxMismatch","sandwich","slave","sandwich-slave"
"396","5d153b1f40218700189a05df","0","MaxMismatch","cocaine","bunny","cocaine-bunny"
"397","5d153b1f40218700189a05df","99","SelfPair","corpse","corpse","corpse-corpse"
"398","5d153b1f40218700189a05df","2","ValenceMatchingOnly","doughnut","husband","doughnut-husband"
"399","5d153b1f40218700189a05df","0","MaxMismatch","wiretap","chipmunk","wiretap-chipmunk"
"400","5d153b1f40218700189a05df","3","MaxMatch","slave","widow","slave-widow"
"401","67f195156ae8e9e3886a36dc","99","SelfPair","princess","princess","princess-princess"
"402","67f195156ae8e9e3886a36dc","8","ConceptualMatchingOnly","asshole","bunny","asshole-bunny"
"403","67f195156ae8e9e3886a36dc","0","MaxMatch","wiretap","cocaine","wiretap-cocaine"
"404","67f195156ae8e9e3886a36dc","99","SelfPair","meadow","meadow","meadow-meadow"
"405","67f195156ae8e9e3886a36dc","0","ConceptualMatchingOnly","tapeworm","comedian","tapeworm-comedian"
"406","67f195156ae8e9e3886a36dc","0","ConceptualMatchingOnly","intruder","sibling","intruder-sibling"
"407","67f195156ae8e9e3886a36dc","0","MaxMismatch","feast","tapeworm","feast-tapeworm"
"408","67f195156ae8e9e3886a36dc","0","ConceptualMatchingOnly","flood","sandwich","flood-sandwich"
"409","67f195156ae8e9e3886a36dc","99","SelfPair","slave","slave","slave-slave"
"410","67f195156ae8e9e3886a36dc","96","SelfPair","heroin","heroin","heroin-heroin"
"411","67f195156ae8e9e3886a36dc","0","MaxMismatch","sunshine","inmate","sunshine-inmate"
"412","67f195156ae8e9e3886a36dc","0","MaxMismatch","heroin","husband","heroin-husband"
"413","67f195156ae8e9e3886a36dc","0","ValenceMatchingOnly","smallpox","widow","smallpox-widow"
"414","67f195156ae8e9e3886a36dc","0","MaxMatch","puppy","chipmunk","puppy-chipmunk"
"415","67f195156ae8e9e3886a36dc","0","MaxMatch","heroin","swastika","heroin-swastika"
"416","67f195156ae8e9e3886a36dc","0","ValenceMatchingOnly","dollar","princess","dollar-princess"
"417","67f195156ae8e9e3886a36dc","0","MaxMismatch","poison","kitten","poison-kitten"
"418","67f195156ae8e9e3886a36dc","0","MaxMatch","poison","corpse","poison-corpse"
"419","67f195156ae8e9e3886a36dc","99","SelfPair","corpse","corpse","corpse-corpse"
"420","67f195156ae8e9e3886a36dc","0","ConceptualMatchingOnly","smallpox","award","smallpox-award"
"421","67f195156ae8e9e3886a36dc","0","MaxMismatch","excrement","princess","excrement-princess"
"422","67f195156ae8e9e3886a36dc","0","MaxMatch","duckling","princess","duckling-princess"
"423","67f195156ae8e9e3886a36dc","0","ConceptualMatchingOnly","dictator","chipmunk","dictator-chipmunk"
"424","67f195156ae8e9e3886a36dc","0","ValenceMatchingOnly","cocaine","tapeworm","cocaine-tapeworm"
"425","67f195156ae8e9e3886a36dc","22","MaxMatch","feast","doughnut","feast-doughnut"
"426","67f195156ae8e9e3886a36dc","0","ValenceMatchingOnly","pizza","chipmunk","pizza-chipmunk"
"427","67f195156ae8e9e3886a36dc","0","ConceptualMatchingOnly","corpse","feast","corpse-feast"
"428","67f195156ae8e9e3886a36dc","0","MaxMismatch","wiretap","chipmunk","wiretap-chipmunk"
"429","67f195156ae8e9e3886a36dc","0","ConceptualMatchingOnly","gunshot","meadow","gunshot-meadow"
"430","67f195156ae8e9e3886a36dc","99","SelfPair","bunny","bunny","bunny-bunny"
"431","67f195156ae8e9e3886a36dc","99","SelfPair","pizza","pizza","pizza-pizza"
"432","67f195156ae8e9e3886a36dc","0","MaxMatch","asshole","inmate","asshole-inmate"
"433","67f195156ae8e9e3886a36dc","0","ValenceMatchingOnly","sunshine","comedian","sunshine-comedian"
"434","67f195156ae8e9e3886a36dc","0","ValenceMatchingOnly","doughnut","husband","doughnut-husband"
"435","67f195156ae8e9e3886a36dc","99","SelfPair","poison","poison","poison-poison"
"436","67f195156ae8e9e3886a36dc","0","MaxMatch","award","sandwich","award-sandwich"
"437","67f195156ae8e9e3886a36dc","0","MaxMismatch","pizza","dictator","pizza-dictator"
"438","67f195156ae8e9e3886a36dc","0","ValenceMatchingOnly","heroin","inmate","heroin-inmate"
"439","67f195156ae8e9e3886a36dc","0","ConceptualMatchingOnly","poison","doughnut","poison-doughnut"
"440","67f195156ae8e9e3886a36dc","0","MaxMatch","laughter","meadow","laughter-meadow"
"441","67f195156ae8e9e3886a36dc","13","ValenceMatchingOnly","corpse","slave","corpse-slave"
"442","67f195156ae8e9e3886a36dc","98","SelfPair","husband","husband","husband-husband"
"443","67f195156ae8e9e3886a36dc","0","ValenceMatchingOnly","laughter","bunny","laughter-bunny"
"444","67f195156ae8e9e3886a36dc","1","ValenceMatchingOnly","award","duckling","award-duckling"
"445","67f195156ae8e9e3886a36dc","0","ConceptualMatchingOnly","cocaine","prize","cocaine-prize"
"446","67f195156ae8e9e3886a36dc","0","MaxMismatch","cocaine","bunny","cocaine-bunny"
"447","67f195156ae8e9e3886a36dc","99","SelfPair","flood","flood","flood-flood"
"448","67f195156ae8e9e3886a36dc","1","MaxMatch","slave","widow","slave-widow"
"449","67f195156ae8e9e3886a36dc","0","MaxMismatch","sandwich","slave","sandwich-slave"
"450","67f195156ae8e9e3886a36dc","0","MaxMismatch","flood","duckling","flood-duckling"
"451","67ca186a24b457bfdaaf46cb","0","ConceptualMatchingOnly","tapeworm","comedian","tapeworm-comedian"
"452","67ca186a24b457bfdaaf46cb","0","ConceptualMatchingOnly","smallpox","award","smallpox-award"
"453","67ca186a24b457bfdaaf46cb","0","ConceptualMatchingOnly","flood","sandwich","flood-sandwich"
"454","67ca186a24b457bfdaaf46cb","0","MaxMatch","award","sandwich","award-sandwich"
"455","67ca186a24b457bfdaaf46cb","0","ConceptualMatchingOnly","dictator","chipmunk","dictator-chipmunk"
"456","67ca186a24b457bfdaaf46cb","0","ConceptualMatchingOnly","intruder","sibling","intruder-sibling"
"457","67ca186a24b457bfdaaf46cb","0","ValenceMatchingOnly","corpse","slave","corpse-slave"
"458","67ca186a24b457bfdaaf46cb","0","MaxMatch","puppy","chipmunk","puppy-chipmunk"
"459","67ca186a24b457bfdaaf46cb","0","ValenceMatchingOnly","pizza","chipmunk","pizza-chipmunk"
"460","67ca186a24b457bfdaaf46cb","0","MaxMatch","laughter","meadow","laughter-meadow"
"461","67ca186a24b457bfdaaf46cb","99","MaxMatch","poison","corpse","poison-corpse"
"462","67ca186a24b457bfdaaf46cb","1","ValenceMatchingOnly","doughnut","husband","doughnut-husband"
"463","67ca186a24b457bfdaaf46cb","99","ConceptualMatchingOnly","corpse","feast","corpse-feast"
"464","67ca186a24b457bfdaaf46cb","0","MaxMismatch","excrement","princess","excrement-princess"
"465","67ca186a24b457bfdaaf46cb","0","MaxMismatch","feast","tapeworm","feast-tapeworm"
"466","67ca186a24b457bfdaaf46cb","0","ValenceMatchingOnly","dollar","princess","dollar-princess"
"467","67ca186a24b457bfdaaf46cb","0","MaxMismatch","wiretap","chipmunk","wiretap-chipmunk"
"468","67ca186a24b457bfdaaf46cb","99","MaxMatch","slave","widow","slave-widow"
"469","67ca186a24b457bfdaaf46cb","0","ValenceMatchingOnly","cocaine","tapeworm","cocaine-tapeworm"
"470","67ca186a24b457bfdaaf46cb","76","MaxMatch","wiretap","cocaine","wiretap-cocaine"
"471","67ca186a24b457bfdaaf46cb","99","MaxMatch","feast","doughnut","feast-doughnut"
"472","67ca186a24b457bfdaaf46cb","0","MaxMismatch","sunshine","inmate","sunshine-inmate"
"473","67ca186a24b457bfdaaf46cb","99","SelfPair","meadow","meadow","meadow-meadow"
"474","67ca186a24b457bfdaaf46cb","99","SelfPair","slave","slave","slave-slave"
"475","67ca186a24b457bfdaaf46cb","99","SelfPair","bunny","bunny","bunny-bunny"
"476","67ca186a24b457bfdaaf46cb","6","MaxMismatch","heroin","husband","heroin-husband"
"477","67ca186a24b457bfdaaf46cb","0","MaxMismatch","pizza","dictator","pizza-dictator"
"478","67ca186a24b457bfdaaf46cb","0","ConceptualMatchingOnly","poison","doughnut","poison-doughnut"
"479","67ca186a24b457bfdaaf46cb","98","ValenceMatchingOnly","laughter","bunny","laughter-bunny"
"480","67ca186a24b457bfdaaf46cb","99","MaxMatch","asshole","inmate","asshole-inmate"
"481","67ca186a24b457bfdaaf46cb","0","MaxMismatch","cocaine","bunny","cocaine-bunny"
"482","67ca186a24b457bfdaaf46cb","11","MaxMismatch","poison","kitten","poison-kitten"
"483","67ca186a24b457bfdaaf46cb","99","SelfPair","princess","princess","princess-princess"
"484","67ca186a24b457bfdaaf46cb","19","MaxMismatch","flood","duckling","flood-duckling"
"485","67ca186a24b457bfdaaf46cb","98","MaxMatch","duckling","princess","duckling-princess"
"486","67ca186a24b457bfdaaf46cb","99","SelfPair","flood","flood","flood-flood"
"487","67ca186a24b457bfdaaf46cb","99","SelfPair","pizza","pizza","pizza-pizza"
"488","67ca186a24b457bfdaaf46cb","0","MaxMismatch","sandwich","slave","sandwich-slave"
"489","67ca186a24b457bfdaaf46cb","99","ValenceMatchingOnly","sunshine","comedian","sunshine-comedian"
"490","67ca186a24b457bfdaaf46cb","99","SelfPair","heroin","heroin","heroin-heroin"
"491","67ca186a24b457bfdaaf46cb","83","ConceptualMatchingOnly","gunshot","meadow","gunshot-meadow"
"492","67ca186a24b457bfdaaf46cb","10","ValenceMatchingOnly","award","duckling","award-duckling"
"493","67ca186a24b457bfdaaf46cb","99","SelfPair","husband","husband","husband-husband"
"494","67ca186a24b457bfdaaf46cb","99","SelfPair","poison","poison","poison-poison"
"495","67ca186a24b457bfdaaf46cb","99","SelfPair","corpse","corpse","corpse-corpse"
"496","67ca186a24b457bfdaaf46cb","6","ConceptualMatchingOnly","cocaine","prize","cocaine-prize"
"497","67ca186a24b457bfdaaf46cb","12","ConceptualMatchingOnly","asshole","bunny","asshole-bunny"
"498","67ca186a24b457bfdaaf46cb","7","ValenceMatchingOnly","smallpox","widow","smallpox-widow"
"499","67ca186a24b457bfdaaf46cb","99","ValenceMatchingOnly","heroin","inmate","heroin-inmate"
"500","67ca186a24b457bfdaaf46cb","99","MaxMatch","heroin","swastika","heroin-swastika"
