Word1,Word2,FeatureCombo1,FeatureCombo2,FeatureMatch,Valence,Conceptual
annoy,imagine,abstract-negative,abstract-positive,ConceptualMatchingOnly,NegativeMismatch,ConceptualMatch:abstract
annoy,enlighten,abstract-negative,abstract-positive,ConceptualMatchingOnly,NegativeMismatch,ConceptualMatch:abstract
annoy,admired,abstract-negative,abstract-positive,ConceptualMatchingOnly,NegativeMismatch,ConceptualMatch:abstract
annoy,cherish,abstract-negative,abstract-positive,ConceptualMatchingOnly,NegativeMismatch,ConceptualMatch:abstract
annoy,hope,abstract-negative,abstract-positive,ConceptualMatchingOnly,NegativeMismatch,ConceptualMatch:abstract
annoy,believe,abstract-negative,abstract-positive,ConceptualMatchingOnly,NegativeMismatch,ConceptualMatch:abstract
annoy,fulfill,abstract-negative,abstract-positive,ConceptualMatchingOnly,NegativeMismatch,ConceptualMatch:abstract
annoy,esteem,abstract-negative,abstract-positive,ConceptualMatchingOnly,NegativeMismatch,ConceptualMatch:abstract
annoy,justify,abstract-negative,abstract-positive,ConceptualMatchingOnly,NegativeMismatch,ConceptualMatch:abstract
annoy,respect,abstract-negative,abstract-positive,ConceptualMatchingOnly,NegativeMismatch,ConceptualMatch:abstract
befall,imagine,abstract-negative,abstract-positive,ConceptualMatchingOnly,NegativeMismatch,ConceptualMatch:abstract
befall,enlighten,abstract-negative,abstract-positive,ConceptualMatchingOnly,NegativeMismatch,ConceptualMatch:abstract
befall,admired,abstract-negative,abstract-positive,ConceptualMatchingOnly,NegativeMismatch,ConceptualMatch:abstract
befall,cherish,abstract-negative,abstract-positive,ConceptualMatchingOnly,NegativeMismatch,ConceptualMatch:abstract
befall,hope,abstract-negative,abstract-positive,ConceptualMatchingOnly,NegativeMismatch,ConceptualMatch:abstract
befall,believe,abstract-negative,abstract-positive,ConceptualMatchingOnly,NegativeMismatch,ConceptualMatch:abstract
befall,fulfill,abstract-negative,abstract-positive,ConceptualMatchingOnly,NegativeMismatch,ConceptualMatch:abstract
befall,esteem,abstract-negative,abstract-positive,ConceptualMatchingOnly,NegativeMismatch,ConceptualMatch:abstract
befall,justify,abstract-negative,abstract-positive,ConceptualMatchingOnly,NegativeMismatch,ConceptualMatch:abstract
befall,respect,abstract-negative,abstract-positive,ConceptualMatchingOnly,NegativeMismatch,ConceptualMatch:abstract
criticize,imagine,abstract-negative,abstract-positive,ConceptualMatchingOnly,NegativeMismatch,ConceptualMatch:abstract
criticize,enlighten,abstract-negative,abstract-positive,ConceptualMatchingOnly,NegativeMismatch,ConceptualMatch:abstract
criticize,admired,abstract-negative,abstract-positive,ConceptualMatchingOnly,NegativeMismatch,ConceptualMatch:abstract
criticize,cherish,abstract-negative,abstract-positive,ConceptualMatchingOnly,NegativeMismatch,ConceptualMatch:abstract
criticize,hope,abstract-negative,abstract-positive,ConceptualMatchingOnly,NegativeMismatch,ConceptualMatch:abstract
criticize,believe,abstract-negative,abstract-positive,ConceptualMatchingOnly,NegativeMismatch,ConceptualMatch:abstract
criticize,fulfill,abstract-negative,abstract-positive,ConceptualMatchingOnly,NegativeMismatch,ConceptualMatch:abstract
criticize,esteem,abstract-negative,abstract-positive,ConceptualMatchingOnly,NegativeMismatch,ConceptualMatch:abstract
criticize,justify,abstract-negative,abstract-positive,ConceptualMatchingOnly,NegativeMismatch,ConceptualMatch:abstract
criticize,respect,abstract-negative,abstract-positive,ConceptualMatchingOnly,NegativeMismatch,ConceptualMatch:abstract
exploit,imagine,abstract-negative,abstract-positive,ConceptualMatchingOnly,NegativeMismatch,ConceptualMatch:abstract
exploit,enlighten,abstract-negative,abstract-positive,ConceptualMatchingOnly,NegativeMismatch,ConceptualMatch:abstract
exploit,admired,abstract-negative,abstract-positive,ConceptualMatchingOnly,NegativeMismatch,ConceptualMatch:abstract
exploit,cherish,abstract-negative,abstract-positive,ConceptualMatchingOnly,NegativeMismatch,ConceptualMatch:abstract
exploit,hope,abstract-negative,abstract-positive,ConceptualMatchingOnly,NegativeMismatch,ConceptualMatch:abstract
exploit,believe,abstract-negative,abstract-positive,ConceptualMatchingOnly,NegativeMismatch,ConceptualMatch:abstract
exploit,fulfill,abstract-negative,abstract-positive,ConceptualMatchingOnly,NegativeMismatch,ConceptualMatch:abstract
exploit,esteem,abstract-negative,abstract-positive,ConceptualMatchingOnly,NegativeMismatch,ConceptualMatch:abstract
exploit,justify,abstract-negative,abstract-positive,ConceptualMatchingOnly,NegativeMismatch,ConceptualMatch:abstract
exploit,respect,abstract-negative,abstract-positive,ConceptualMatchingOnly,NegativeMismatch,ConceptualMatch:abstract
loathe,imagine,abstract-negative,abstract-positive,ConceptualMatchingOnly,NegativeMismatch,ConceptualMatch:abstract
loathe,enlighten,abstract-negative,abstract-positive,ConceptualMatchingOnly,NegativeMismatch,ConceptualMatch:abstract
loathe,admired,abstract-negative,abstract-positive,ConceptualMatchingOnly,NegativeMismatch,ConceptualMatch:abstract
loathe,cherish,abstract-negative,abstract-positive,ConceptualMatchingOnly,NegativeMismatch,ConceptualMatch:abstract
loathe,hope,abstract-negative,abstract-positive,ConceptualMatchingOnly,NegativeMismatch,ConceptualMatch:abstract
loathe,believe,abstract-negative,abstract-positive,ConceptualMatchingOnly,NegativeMismatch,ConceptualMatch:abstract
loathe,fulfill,abstract-negative,abstract-positive,ConceptualMatchingOnly,NegativeMismatch,ConceptualMatch:abstract
loathe,esteem,abstract-negative,abstract-positive,ConceptualMatchingOnly,NegativeMismatch,ConceptualMatch:abstract
loathe,justify,abstract-negative,abstract-positive,ConceptualMatchingOnly,NegativeMismatch,ConceptualMatch:abstract
loathe,respect,abstract-negative,abstract-positive,ConceptualMatchingOnly,NegativeMismatch,ConceptualMatch:abstract
obsess,imagine,abstract-negative,abstract-positive,ConceptualMatchingOnly,NegativeMismatch,ConceptualMatch:abstract
obsess,enlighten,abstract-negative,abstract-positive,ConceptualMatchingOnly,NegativeMismatch,ConceptualMatch:abstract
obsess,admired,abstract-negative,abstract-positive,ConceptualMatchingOnly,NegativeMismatch,ConceptualMatch:abstract
obsess,cherish,abstract-negative,abstract-positive,ConceptualMatchingOnly,NegativeMismatch,ConceptualMatch:abstract
obsess,hope,abstract-negative,abstract-positive,ConceptualMatchingOnly,NegativeMismatch,ConceptualMatch:abstract
obsess,believe,abstract-negative,abstract-positive,ConceptualMatchingOnly,NegativeMismatch,ConceptualMatch:abstract
obsess,fulfill,abstract-negative,abstract-positive,ConceptualMatchingOnly,NegativeMismatch,ConceptualMatch:abstract
obsess,esteem,abstract-negative,abstract-positive,ConceptualMatchingOnly,NegativeMismatch,ConceptualMatch:abstract
obsess,justify,abstract-negative,abstract-positive,ConceptualMatchingOnly,NegativeMismatch,ConceptualMatch:abstract
obsess,respect,abstract-negative,abstract-positive,ConceptualMatchingOnly,NegativeMismatch,ConceptualMatch:abstract
resent,imagine,abstract-negative,abstract-positive,ConceptualMatchingOnly,NegativeMismatch,ConceptualMatch:abstract
resent,enlighten,abstract-negative,abstract-positive,ConceptualMatchingOnly,NegativeMismatch,ConceptualMatch:abstract
resent,admired,abstract-negative,abstract-positive,ConceptualMatchingOnly,NegativeMismatch,ConceptualMatch:abstract
resent,cherish,abstract-negative,abstract-positive,ConceptualMatchingOnly,NegativeMismatch,ConceptualMatch:abstract
resent,hope,abstract-negative,abstract-positive,ConceptualMatchingOnly,NegativeMismatch,ConceptualMatch:abstract
resent,believe,abstract-negative,abstract-positive,ConceptualMatchingOnly,NegativeMismatch,ConceptualMatch:abstract
resent,fulfill,abstract-negative,abstract-positive,ConceptualMatchingOnly,NegativeMismatch,ConceptualMatch:abstract
resent,esteem,abstract-negative,abstract-positive,ConceptualMatchingOnly,NegativeMismatch,ConceptualMatch:abstract
resent,justify,abstract-negative,abstract-positive,ConceptualMatchingOnly,NegativeMismatch,ConceptualMatch:abstract
resent,respect,abstract-negative,abstract-positive,ConceptualMatchingOnly,NegativeMismatch,ConceptualMatch:abstract
scorn,imagine,abstract-negative,abstract-positive,ConceptualMatchingOnly,NegativeMismatch,ConceptualMatch:abstract
scorn,enlighten,abstract-negative,abstract-positive,ConceptualMatchingOnly,NegativeMismatch,ConceptualMatch:abstract
scorn,admired,abstract-negative,abstract-positive,ConceptualMatchingOnly,NegativeMismatch,ConceptualMatch:abstract
scorn,cherish,abstract-negative,abstract-positive,ConceptualMatchingOnly,NegativeMismatch,ConceptualMatch:abstract
scorn,hope,abstract-negative,abstract-positive,ConceptualMatchingOnly,NegativeMismatch,ConceptualMatch:abstract
scorn,believe,abstract-negative,abstract-positive,ConceptualMatchingOnly,NegativeMismatch,ConceptualMatch:abstract
scorn,fulfill,abstract-negative,abstract-positive,ConceptualMatchingOnly,NegativeMismatch,ConceptualMatch:abstract
scorn,esteem,abstract-negative,abstract-positive,ConceptualMatchingOnly,NegativeMismatch,ConceptualMatch:abstract
scorn,justify,abstract-negative,abstract-positive,ConceptualMatchingOnly,NegativeMismatch,ConceptualMatch:abstract
scorn,respect,abstract-negative,abstract-positive,ConceptualMatchingOnly,NegativeMismatch,ConceptualMatch:abstract
violate,imagine,abstract-negative,abstract-positive,ConceptualMatchingOnly,NegativeMismatch,ConceptualMatch:abstract
violate,enlighten,abstract-negative,abstract-positive,ConceptualMatchingOnly,NegativeMismatch,ConceptualMatch:abstract
violate,admired,abstract-negative,abstract-positive,ConceptualMatchingOnly,NegativeMismatch,ConceptualMatch:abstract
violate,cherish,abstract-negative,abstract-positive,ConceptualMatchingOnly,NegativeMismatch,ConceptualMatch:abstract
violate,hope,abstract-negative,abstract-positive,ConceptualMatchingOnly,NegativeMismatch,ConceptualMatch:abstract
violate,believe,abstract-negative,abstract-positive,ConceptualMatchingOnly,NegativeMismatch,ConceptualMatch:abstract
violate,fulfill,abstract-negative,abstract-positive,ConceptualMatchingOnly,NegativeMismatch,ConceptualMatch:abstract
violate,esteem,abstract-negative,abstract-positive,ConceptualMatchingOnly,NegativeMismatch,ConceptualMatch:abstract
violate,justify,abstract-negative,abstract-positive,ConceptualMatchingOnly,NegativeMismatch,ConceptualMatch:abstract
violate,respect,abstract-negative,abstract-positive,ConceptualMatchingOnly,NegativeMismatch,ConceptualMatch:abstract
worry,imagine,abstract-negative,abstract-positive,ConceptualMatchingOnly,NegativeMismatch,ConceptualMatch:abstract
worry,enlighten,abstract-negative,abstract-positive,ConceptualMatchingOnly,NegativeMismatch,ConceptualMatch:abstract
worry,admired,abstract-negative,abstract-positive,ConceptualMatchingOnly,NegativeMismatch,ConceptualMatch:abstract
worry,cherish,abstract-negative,abstract-positive,ConceptualMatchingOnly,NegativeMismatch,ConceptualMatch:abstract
worry,hope,abstract-negative,abstract-positive,ConceptualMatchingOnly,NegativeMismatch,ConceptualMatch:abstract
worry,believe,abstract-negative,abstract-positive,ConceptualMatchingOnly,NegativeMismatch,ConceptualMatch:abstract
worry,fulfill,abstract-negative,abstract-positive,ConceptualMatchingOnly,NegativeMismatch,ConceptualMatch:abstract
worry,esteem,abstract-negative,abstract-positive,ConceptualMatchingOnly,NegativeMismatch,ConceptualMatch:abstract
worry,justify,abstract-negative,abstract-positive,ConceptualMatchingOnly,NegativeMismatch,ConceptualMatch:abstract
worry,respect,abstract-negative,abstract-positive,ConceptualMatchingOnly,NegativeMismatch,ConceptualMatch:abstract
