"","ID.Ibex","Label","Response","FeatureMatch","Word1","Word2"
"1","663bab395c5db0c5bc0944d3","control_Dissimilar","0","DissimilarControl","Enter","Exit"
"2","663bab395c5db0c5bc0944d3","control_Dissimilar","0","DissimilarControl","Give","Take"
"3","663bab395c5db0c5bc0944d3","test_ValenceMatch","46","ValenceMatchingOnly","crash","displease"
"4","663bab395c5db0c5bc0944d3","control_MaxMatch","51","MaxMatch","slash","hit"
"5","663bab395c5db0c5bc0944d3","control_Similar","99","SimilarControl","Get","Obtain"
"6","663bab395c5db0c5bc0944d3","test_ValenceMatch","90","ValenceMatchingOnly","caress","cherish"
"7","663bab395c5db0c5bc0944d3","control_MaxMatch","99","MaxMatch","offend","dishonor"
"8","663bab395c5db0c5bc0944d3","control_Dissimilar","0","DissimilarControl","Rise","Fall"
"9","663bab395c5db0c5bc0944d3","test_ValenceMatch","58","ValenceMatchingOnly","tear","dishonor"
"10","663bab395c5db0c5bc0944d3","control_Similar","99","SimilarControl","End","Finish"
"11","663bab395c5db0c5bc0944d3","control_MaxMatch","56","MaxMatch","despair","embarrass"
"12","663bab395c5db0c5bc0944d3","test_ValenceMatch","46","ValenceMatchingOnly","clean","admire"
"13","663bab395c5db0c5bc0944d3","control_MaxMatch","22","MaxMatch","displease","criticize"
"14","663bab395c5db0c5bc0944d3","control_Similar","99","SimilarControl","Show","Display"
"15","663bab395c5db0c5bc0944d3","test_ValenceMatch","39","ValenceMatchingOnly","hug","impress"
"16","663bab395c5db0c5bc0944d3","control_Similar","99","SimilarControl","Begin","Start"
"17","663bab395c5db0c5bc0944d3","control_MaxMismatch","0","MaxMismatch","produce","displease"
"18","663bab395c5db0c5bc0944d3","test_ConceptualMatch","0","ConceptualMatchingOnly","like","embarrass"
"19","663bab395c5db0c5bc0944d3","control_Similar","99","SimilarControl","Buy","Purchase"
"20","663bab395c5db0c5bc0944d3","control_MaxMismatch","0","MaxMismatch","appreciate","slash"
"21","663bab395c5db0c5bc0944d3","test_ConceptualMatch","44","ConceptualMatchingOnly","like","criticize"
"22","663bab395c5db0c5bc0944d3","control_MaxMismatch","0","MaxMismatch","cherish","corrode"
"23","663bab395c5db0c5bc0944d3","control_MaxMatch","82","MaxMatch","displease","discourage"
"24","663bab395c5db0c5bc0944d3","test_ConceptualMatch","0","ConceptualMatchingOnly","cuddle","crash"
"25","663bab395c5db0c5bc0944d3","control_Dissimilar","0","DissimilarControl","Arrive","Leave"
"26","663bab395c5db0c5bc0944d3","control_Dissimilar","0","DissimilarControl","Open","Close"
"27","663bab395c5db0c5bc0944d3","test_ValenceMatch","48","ValenceMatchingOnly","produce","like"
"28","663bab395c5db0c5bc0944d3","control_Dissimilar","3","DissimilarControl","Push","Pull"
"29","663bab395c5db0c5bc0944d3","control_Similar","99","SimilarControl","Help","Assist"
"30","663bab395c5db0c5bc0944d3","test_ValenceMatch","22","ValenceMatchingOnly","build","encourage"
"31","663bab395c5db0c5bc0944d3","control_MaxMatch","37","MaxMatch","content","admire"
"32","663bab395c5db0c5bc0944d3","control_MaxMismatch","37","MaxMismatch","impress","tear"
"33","663bab395c5db0c5bc0944d3","test_ConceptualMatch","9","ConceptualMatchingOnly","caress","burn"
"34","663bab395c5db0c5bc0944d3","control_MaxMatch","25","MaxMatch","offend","despair"
"35","663bab395c5db0c5bc0944d3","control_Similar","99","SimilarControl","Speak","Talk"
"36","663bab395c5db0c5bc0944d3","test_ConceptualMatch","0","ConceptualMatchingOnly","twinkle","slash"
"37","663bab395c5db0c5bc0944d3","control_Dissimilar","0","DissimilarControl","Come","Go"
"38","663bab395c5db0c5bc0944d3","control_Similar","99","SimilarControl","Need","Require"
"39","663bab395c5db0c5bc0944d3","test_ConceptualMatch","1","ConceptualMatchingOnly","produce","crash"
"40","663bab395c5db0c5bc0944d3","control_Similar","93","SimilarControl","Use","Employ"
"41","663bab395c5db0c5bc0944d3","control_MaxMismatch","0","MaxMismatch","decorate","despair"
"42","663bab395c5db0c5bc0944d3","test_ConceptualMatch","0","ConceptualMatchingOnly","sculpt","corrode"
"43","663bab395c5db0c5bc0944d3","control_MaxMismatch","0","MaxMismatch","admire","hit"
"44","663bab395c5db0c5bc0944d3","control_MaxMatch","74","MaxMatch","build","decorate"
"45","663bab395c5db0c5bc0944d3","test_ValenceMatch","0","ValenceMatchingOnly","slash","dismay"
"46","663bab395c5db0c5bc0944d3","control_MaxMatch","81","MaxMatch","sculpt","decorate"
"47","663bab395c5db0c5bc0944d3","control_Dissimilar","0","DissimilarControl","Increase","Decrease"
"48","663bab395c5db0c5bc0944d3","test_ValenceMatch","23","ValenceMatchingOnly","clean","like"
"49","663bab395c5db0c5bc0944d3","control_MaxMatch","94","MaxMatch","appreciate","cherish"
"50","663bab395c5db0c5bc0944d3","control_Dissimilar","0","DissimilarControl","Add","Remove"
"51","663bab395c5db0c5bc0944d3","test_ValenceMatch","20","ValenceMatchingOnly","repair","admire"
"52","663bab395c5db0c5bc0944d3","control_Similar","99","SimilarControl","Ask","Inquire"
"53","663bab395c5db0c5bc0944d3","control_Dissimilar","0","DissimilarControl","Begin","End"
"54","663bab395c5db0c5bc0944d3","test_ConceptualMatch","0","ConceptualMatchingOnly","impress","embarrass"
"55","663bab395c5db0c5bc0944d3","control_MaxMismatch","0","MaxMismatch","adore","stain"
"56","663bab395c5db0c5bc0944d3","control_MaxMismatch","0","MaxMismatch","encourage","delete"
"57","663bab395c5db0c5bc0944d3","test_ConceptualMatch","3","ConceptualMatchingOnly","like","dismay"
"58","663bab395c5db0c5bc0944d3","control_MaxMismatch","0","MaxMismatch","clean","irritate"
"59","663bab395c5db0c5bc0944d3","control_MaxMismatch","0","MaxMismatch","adore","delete"
"60","663bab395c5db0c5bc0944d3","test_ConceptualMatch","0","ConceptualMatchingOnly","cherish","despair"
"61","58642f4de16d530001b34622","control_Dissimilar","0","DissimilarControl","Open","Close"
"62","58642f4de16d530001b34622","test_ConceptualMatch","0","ConceptualMatchingOnly","decorate","rust"
"63","58642f4de16d530001b34622","control_Dissimilar","0","DissimilarControl","Increase","Decrease"
"64","58642f4de16d530001b34622","control_Dissimilar","0","DissimilarControl","Push","Pull"
"65","58642f4de16d530001b34622","test_ValenceMatch","18","ValenceMatchingOnly","hit","dishonor"
"66","58642f4de16d530001b34622","control_Similar","99","SimilarControl","Use","Employ"
"67","58642f4de16d530001b34622","control_Similar","99","SimilarControl","Help","Assist"
"68","58642f4de16d530001b34622","test_ConceptualMatch","0","ConceptualMatchingOnly","clean","rust"
"69","58642f4de16d530001b34622","control_Similar","99","SimilarControl","Buy","Purchase"
"70","58642f4de16d530001b34622","control_MaxMatch","0","MaxMatch","cuddle","sculpt"
"71","58642f4de16d530001b34622","test_ConceptualMatch","0","ConceptualMatchingOnly","cherish","dread"
"72","58642f4de16d530001b34622","control_MaxMismatch","0","MaxMismatch","sculpt","dishonor"
"73","58642f4de16d530001b34622","control_MaxMatch","5","MaxMatch","caress","decorate"
"74","58642f4de16d530001b34622","test_ConceptualMatch","0","ConceptualMatchingOnly","reassure","dread"
"75","58642f4de16d530001b34622","control_Similar","99","SimilarControl","Need","Require"
"76","58642f4de16d530001b34622","control_Similar","99","SimilarControl","Show","Display"
"77","58642f4de16d530001b34622","test_ValenceMatch","13","ValenceMatchingOnly","slash","discourage"
"78","58642f4de16d530001b34622","control_MaxMismatch","0","MaxMismatch","encourage","slaughter"
"79","58642f4de16d530001b34622","control_MaxMatch","64","MaxMatch","crash","burn"
"80","58642f4de16d530001b34622","test_ValenceMatch","0","ValenceMatchingOnly","sculpt","content"
"81","58642f4de16d530001b34622","control_Similar","99","SimilarControl","Get","Obtain"
"82","58642f4de16d530001b34622","control_Similar","99","SimilarControl","Begin","Start"
"83","58642f4de16d530001b34622","test_ConceptualMatch","2","ConceptualMatchingOnly","twinkle","stain"
"84","58642f4de16d530001b34622","control_Dissimilar","1","DissimilarControl","Enter","Exit"
"85","58642f4de16d530001b34622","control_Similar","99","SimilarControl","Speak","Talk"
"86","58642f4de16d530001b34622","test_ValenceMatch","0","ValenceMatchingOnly","crash","embarrass"
"87","58642f4de16d530001b34622","control_Dissimilar","0","DissimilarControl","Begin","End"
"88","58642f4de16d530001b34622","control_MaxMatch","6","MaxMatch","despair","dishonor"
"89","58642f4de16d530001b34622","test_ValenceMatch","4","ValenceMatchingOnly","twinkle","cherish"
"90","58642f4de16d530001b34622","control_Dissimilar","0","DissimilarControl","Come","Go"
"91","58642f4de16d530001b34622","control_MaxMismatch","0","MaxMismatch","admire","burn"
"92","58642f4de16d530001b34622","test_ValenceMatch","0","ValenceMatchingOnly","build","impress"
"93","58642f4de16d530001b34622","control_Dissimilar","0","DissimilarControl","Arrive","Leave"
"94","58642f4de16d530001b34622","control_Dissimilar","0","DissimilarControl","Rise","Fall"
"95","58642f4de16d530001b34622","test_ConceptualMatch","1","ConceptualMatchingOnly","twinkle","crash"
"96","58642f4de16d530001b34622","control_MaxMismatch","0","MaxMismatch","twinkle","dread"
"97","58642f4de16d530001b34622","control_MaxMismatch","0","MaxMismatch","admire","crash"
"98","58642f4de16d530001b34622","test_ValenceMatch","2","ValenceMatchingOnly","decorate","content"
"99","58642f4de16d530001b34622","control_MaxMismatch","0","MaxMismatch","build","displease"
"100","58642f4de16d530001b34622","control_MaxMismatch","0","MaxMismatch","encourage","rust"
"101","58642f4de16d530001b34622","test_ConceptualMatch","0","ConceptualMatchingOnly","content","discourage"
"102","58642f4de16d530001b34622","control_MaxMatch","65","MaxMatch","burn","corrode"
"103","58642f4de16d530001b34622","control_MaxMatch","0","MaxMatch","rust","crash"
"104","58642f4de16d530001b34622","test_ConceptualMatch","0","ConceptualMatchingOnly","impress","dismay"
"105","58642f4de16d530001b34622","control_MaxMismatch","0","MaxMismatch","produce","criticize"
"106","58642f4de16d530001b34622","control_Similar","99","SimilarControl","Ask","Inquire"
"107","58642f4de16d530001b34622","test_ValenceMatch","0","ValenceMatchingOnly","build","admire"
"108","58642f4de16d530001b34622","control_MaxMatch","23","MaxMatch","displease","dread"
"109","58642f4de16d530001b34622","control_MaxMatch","0","MaxMatch","rust","slash"
"110","58642f4de16d530001b34622","test_ConceptualMatch","0","ConceptualMatchingOnly","clean","burn"
"111","58642f4de16d530001b34622","control_MaxMismatch","1","MaxMismatch","reassure","tear"
"112","58642f4de16d530001b34622","control_MaxMatch","69","MaxMatch","slaughter","delete"
"113","58642f4de16d530001b34622","test_ConceptualMatch","1","ConceptualMatchingOnly","cherish","despair"
"114","58642f4de16d530001b34622","control_MaxMatch","61","MaxMatch","encourage","cherish"
"115","58642f4de16d530001b34622","control_Similar","99","SimilarControl","End","Finish"
"116","58642f4de16d530001b34622","test_ValenceMatch","0","ValenceMatchingOnly","stain","dishonor"
"117","58642f4de16d530001b34622","control_Dissimilar","0","DissimilarControl","Give","Take"
"118","58642f4de16d530001b34622","control_MaxMismatch","0","MaxMismatch","hug","despair"
"119","58642f4de16d530001b34622","test_ValenceMatch","1","ValenceMatchingOnly","slash","embarrass"
"120","58642f4de16d530001b34622","control_Dissimilar","0","DissimilarControl","Add","Remove"
"121","63d7b81d79044b73bfb50952","control_MaxMismatch","0","MaxMismatch","sculpt","discourage"
"122","63d7b81d79044b73bfb50952","test_ConceptualMatch","0","ConceptualMatchingOnly","hug","slash"
"123","63d7b81d79044b73bfb50952","control_Dissimilar","0","DissimilarControl","Rise","Fall"
"124","63d7b81d79044b73bfb50952","control_Dissimilar","0","DissimilarControl","Push","Pull"
"125","63d7b81d79044b73bfb50952","test_ConceptualMatch","44","ConceptualMatchingOnly","twinkle","tear"
"126","63d7b81d79044b73bfb50952","control_MaxMatch","25","MaxMatch","slaughter","hit"
"127","63d7b81d79044b73bfb50952","control_MaxMismatch","16","MaxMismatch","adore","stain"
"128","63d7b81d79044b73bfb50952","test_ValenceMatch","88","ValenceMatchingOnly","tear","dismay"
"129","63d7b81d79044b73bfb50952","control_Dissimilar","0","DissimilarControl","Begin","End"
"130","63d7b81d79044b73bfb50952","control_MaxMatch","19","MaxMatch","burn","stain"
"131","63d7b81d79044b73bfb50952","test_ValenceMatch","70","ValenceMatchingOnly","produce","admire"
"132","63d7b81d79044b73bfb50952","control_Similar","99","SimilarControl","Help","Assist"
"133","63d7b81d79044b73bfb50952","control_Similar","99","SimilarControl","Begin","Start"
"134","63d7b81d79044b73bfb50952","test_ConceptualMatch","0","ConceptualMatchingOnly","admire","dismay"
"135","63d7b81d79044b73bfb50952","control_Dissimilar","0","DissimilarControl","Increase","Decrease"
"136","63d7b81d79044b73bfb50952","control_Similar","99","SimilarControl","Ask","Inquire"
"137","63d7b81d79044b73bfb50952","test_ValenceMatch","71","ValenceMatchingOnly","clean","reassure"
"138","63d7b81d79044b73bfb50952","control_Dissimilar","72","DissimilarControl","Come","Go"
"139","63d7b81d79044b73bfb50952","control_MaxMatch","16","MaxMatch","content","encourage"
"140","63d7b81d79044b73bfb50952","test_ValenceMatch","0","ValenceMatchingOnly","rust","dread"
"141","63d7b81d79044b73bfb50952","control_MaxMatch","26","MaxMatch","despair","criticize"
"142","63d7b81d79044b73bfb50952","control_MaxMatch","0","MaxMatch","irritate","criticize"
"143","63d7b81d79044b73bfb50952","test_ConceptualMatch","0","ConceptualMatchingOnly","decorate","delete"
"144","63d7b81d79044b73bfb50952","control_Similar","99","SimilarControl","Get","Obtain"
"145","63d7b81d79044b73bfb50952","control_MaxMismatch","0","MaxMismatch","like","delete"
"146","63d7b81d79044b73bfb50952","test_ConceptualMatch","10","ConceptualMatchingOnly","build","hit"
"147","63d7b81d79044b73bfb50952","control_Dissimilar","0","DissimilarControl","Add","Remove"
"148","63d7b81d79044b73bfb50952","control_MaxMatch","97","MaxMatch","offend","irritate"
"149","63d7b81d79044b73bfb50952","test_ValenceMatch","11","ValenceMatchingOnly","stain","embarrass"
"150","63d7b81d79044b73bfb50952","control_MaxMismatch","17","MaxMismatch","build","irritate"
"151","63d7b81d79044b73bfb50952","control_MaxMismatch","0","MaxMismatch","cherish","stain"
"152","63d7b81d79044b73bfb50952","test_ConceptualMatch","28","ConceptualMatchingOnly","cherish","embarrass"
"153","63d7b81d79044b73bfb50952","control_Similar","91","SimilarControl","Use","Employ"
"154","63d7b81d79044b73bfb50952","control_MaxMatch","22","MaxMatch","irritate","discourage"
"155","63d7b81d79044b73bfb50952","test_ValenceMatch","84","ValenceMatchingOnly","cuddle","content"
"156","63d7b81d79044b73bfb50952","control_Dissimilar","0","DissimilarControl","Arrive","Leave"
"157","63d7b81d79044b73bfb50952","control_MaxMismatch","1","MaxMismatch","hug","offend"
"158","63d7b81d79044b73bfb50952","test_ValenceMatch","0","ValenceMatchingOnly","stain","discourage"
"159","63d7b81d79044b73bfb50952","control_Similar","99","SimilarControl","Show","Display"
"160","63d7b81d79044b73bfb50952","control_Similar","99","SimilarControl","Buy","Purchase"
"161","63d7b81d79044b73bfb50952","test_ConceptualMatch","0","ConceptualMatchingOnly","build","delete"
"162","63d7b81d79044b73bfb50952","control_MaxMismatch","0","MaxMismatch","cherish","slash"
"163","63d7b81d79044b73bfb50952","control_MaxMatch","99","MaxMatch","adore","cherish"
"164","63d7b81d79044b73bfb50952","test_ValenceMatch","12","ValenceMatchingOnly","produce","cherish"
"165","63d7b81d79044b73bfb50952","control_Dissimilar","0","DissimilarControl","Open","Close"
"166","63d7b81d79044b73bfb50952","control_MaxMismatch","0","MaxMismatch","build","offend"
"167","63d7b81d79044b73bfb50952","test_ValenceMatch","15","ValenceMatchingOnly","build","cherish"
"168","63d7b81d79044b73bfb50952","control_MaxMatch","65","MaxMatch","encourage","appreciate"
"169","63d7b81d79044b73bfb50952","control_Dissimilar","0","DissimilarControl","Give","Take"
"170","63d7b81d79044b73bfb50952","test_ConceptualMatch","28","ConceptualMatchingOnly","sculpt","crash"
"171","63d7b81d79044b73bfb50952","control_Similar","99","SimilarControl","Need","Require"
"172","63d7b81d79044b73bfb50952","control_Similar","99","SimilarControl","End","Finish"
"173","63d7b81d79044b73bfb50952","test_ValenceMatch","9","ValenceMatchingOnly","hug","impress"
"174","63d7b81d79044b73bfb50952","control_Similar","99","SimilarControl","Speak","Talk"
"175","63d7b81d79044b73bfb50952","control_MaxMismatch","0","MaxMismatch","produce","criticize"
"176","63d7b81d79044b73bfb50952","test_ConceptualMatch","0","ConceptualMatchingOnly","reassure","dishonor"
"177","63d7b81d79044b73bfb50952","control_MaxMismatch","0","MaxMismatch","sculpt","despair"
"178","63d7b81d79044b73bfb50952","control_MaxMatch","0","MaxMatch","despair","dismay"
"179","63d7b81d79044b73bfb50952","test_ConceptualMatch","0","ConceptualMatchingOnly","appreciate","dishonor"
"180","63d7b81d79044b73bfb50952","control_Dissimilar","0","DissimilarControl","Enter","Exit"
"181","67e8e88ed0713752dc570969","control_MaxMismatch","51","MaxMismatch","twinkle","offend"
"182","67e8e88ed0713752dc570969","test_ConceptualMatch","7","ConceptualMatchingOnly","admire","dishonor"
"183","67e8e88ed0713752dc570969","control_Dissimilar","0","DissimilarControl","Add","Remove"
"184","67e8e88ed0713752dc570969","control_Similar","99","SimilarControl","Ask","Inquire"
"185","67e8e88ed0713752dc570969","test_ConceptualMatch","0","ConceptualMatchingOnly","impress","embarrass"
"186","67e8e88ed0713752dc570969","control_MaxMismatch","23","MaxMismatch","encourage","slash"
"187","67e8e88ed0713752dc570969","control_Similar","95","SimilarControl","Help","Assist"
"188","67e8e88ed0713752dc570969","test_ValenceMatch","6","ValenceMatchingOnly","repair","appreciate"
"189","67e8e88ed0713752dc570969","control_Similar","97","SimilarControl","Use","Employ"
"190","67e8e88ed0713752dc570969","control_Similar","99","SimilarControl","Speak","Talk"
"191","67e8e88ed0713752dc570969","test_ValenceMatch","76","ValenceMatchingOnly","caress","encourage"
"192","67e8e88ed0713752dc570969","control_Similar","99","SimilarControl","Show","Display"
"193","67e8e88ed0713752dc570969","control_MaxMatch","5","MaxMatch","irritate","embarrass"
"194","67e8e88ed0713752dc570969","test_ValenceMatch","1","ValenceMatchingOnly","slash","dread"
"195","67e8e88ed0713752dc570969","control_Dissimilar","0","DissimilarControl","Open","Close"
"196","67e8e88ed0713752dc570969","control_Similar","91","SimilarControl","Buy","Purchase"
"197","67e8e88ed0713752dc570969","test_ConceptualMatch","32","ConceptualMatchingOnly","admire","dismay"
"198","67e8e88ed0713752dc570969","control_Dissimilar","4","DissimilarControl","Begin","End"
"199","67e8e88ed0713752dc570969","control_Dissimilar","3","DissimilarControl","Push","Pull"
"200","67e8e88ed0713752dc570969","test_ValenceMatch","30","ValenceMatchingOnly","twinkle","adore"
"201","67e8e88ed0713752dc570969","control_MaxMismatch","73","MaxMismatch","content","corrode"
"202","67e8e88ed0713752dc570969","control_Similar","93","SimilarControl","Begin","Start"
"203","67e8e88ed0713752dc570969","test_ValenceMatch","85","ValenceMatchingOnly","hug","impress"
"204","67e8e88ed0713752dc570969","control_MaxMismatch","0","MaxMismatch","hug","irritate"
"205","67e8e88ed0713752dc570969","control_MaxMismatch","5","MaxMismatch","respect","hit"
"206","67e8e88ed0713752dc570969","test_ConceptualMatch","4","ConceptualMatchingOnly","sculpt","corrode"
"207","67e8e88ed0713752dc570969","control_Dissimilar","2","DissimilarControl","Come","Go"
"208","67e8e88ed0713752dc570969","control_MaxMatch","22","MaxMatch","displease","criticize"
"209","67e8e88ed0713752dc570969","test_ConceptualMatch","73","ConceptualMatchingOnly","cuddle","stain"
"210","67e8e88ed0713752dc570969","control_Dissimilar","13","DissimilarControl","Give","Take"
"211","67e8e88ed0713752dc570969","control_Dissimilar","0","DissimilarControl","Increase","Decrease"
"212","67e8e88ed0713752dc570969","test_ValenceMatch","15","ValenceMatchingOnly","delete","criticize"
"213","67e8e88ed0713752dc570969","control_Similar","96","SimilarControl","Get","Obtain"
"214","67e8e88ed0713752dc570969","control_MaxMatch","71","MaxMatch","slaughter","crash"
"215","67e8e88ed0713752dc570969","test_ConceptualMatch","33","ConceptualMatchingOnly","repair","slash"
"216","67e8e88ed0713752dc570969","control_MaxMismatch","7","MaxMismatch","caress","offend"
"217","67e8e88ed0713752dc570969","control_MaxMatch","97","MaxMatch","admire","cherish"
"218","67e8e88ed0713752dc570969","test_ConceptualMatch","21","ConceptualMatchingOnly","sculpt","slaughter"
"219","67e8e88ed0713752dc570969","control_MaxMismatch","8","MaxMismatch","cuddle","offend"
"220","67e8e88ed0713752dc570969","control_Similar","92","SimilarControl","Need","Require"
"221","67e8e88ed0713752dc570969","test_ConceptualMatch","5","ConceptualMatchingOnly","produce","crash"
"222","67e8e88ed0713752dc570969","control_MaxMatch","7","MaxMatch","slash","hit"
"223","67e8e88ed0713752dc570969","control_MaxMatch","75","MaxMatch","offend","criticize"
"224","67e8e88ed0713752dc570969","test_ConceptualMatch","5","ConceptualMatchingOnly","reassure","offend"
"225","67e8e88ed0713752dc570969","control_MaxMismatch","6","MaxMismatch","cuddle","dread"
"226","67e8e88ed0713752dc570969","control_MaxMatch","11","MaxMatch","build","hug"
"227","67e8e88ed0713752dc570969","test_ValenceMatch","76","ValenceMatchingOnly","hit","irritate"
"228","67e8e88ed0713752dc570969","control_Similar","97","SimilarControl","End","Finish"
"229","67e8e88ed0713752dc570969","control_MaxMatch","61","MaxMatch","produce","decorate"
"230","67e8e88ed0713752dc570969","test_ValenceMatch","83","ValenceMatchingOnly","cuddle","appreciate"
"231","67e8e88ed0713752dc570969","control_MaxMatch","67","MaxMatch","hug","produce"
"232","67e8e88ed0713752dc570969","control_Dissimilar","0","DissimilarControl","Arrive","Leave"
"233","67e8e88ed0713752dc570969","test_ValenceMatch","59","ValenceMatchingOnly","corrode","discourage"
"234","67e8e88ed0713752dc570969","control_MaxMatch","82","MaxMatch","crash","tear"
"235","67e8e88ed0713752dc570969","control_Dissimilar","0","DissimilarControl","Rise","Fall"
"236","67e8e88ed0713752dc570969","test_ConceptualMatch","15","ConceptualMatchingOnly","appreciate","despair"
"237","67e8e88ed0713752dc570969","control_MaxMismatch","4","MaxMismatch","appreciate","burn"
"238","67e8e88ed0713752dc570969","control_Dissimilar","0","DissimilarControl","Enter","Exit"
"239","67e8e88ed0713752dc570969","test_ValenceMatch","79","ValenceMatchingOnly","clean","impress"
"240","67e8e88ed0713752dc570969","control_MaxMismatch","0","MaxMismatch","cuddle","embarrass"
"241","63069f585b35a5ec752fcd30","control_Dissimilar","0","DissimilarControl","Rise","Fall"
"242","63069f585b35a5ec752fcd30","control_MaxMatch","0","MaxMatch","cuddle","repair"
"243","63069f585b35a5ec752fcd30","test_ValenceMatch","6","ValenceMatchingOnly","stain","dishonor"
"244","63069f585b35a5ec752fcd30","control_Similar","99","SimilarControl","Speak","Talk"
"245","63069f585b35a5ec752fcd30","control_MaxMatch","11","MaxMatch","cuddle","produce"
"246","63069f585b35a5ec752fcd30","test_ConceptualMatch","6","ConceptualMatchingOnly","appreciate","criticize"
"247","63069f585b35a5ec752fcd30","control_MaxMatch","4","MaxMatch","content","adore"
"248","63069f585b35a5ec752fcd30","control_Dissimilar","3","DissimilarControl","Arrive","Leave"
"249","63069f585b35a5ec752fcd30","test_ConceptualMatch","3","ConceptualMatchingOnly","caress","rust"
"250","63069f585b35a5ec752fcd30","control_MaxMismatch","0","MaxMismatch","adore","crash"
"251","63069f585b35a5ec752fcd30","control_MaxMatch","99","MaxMatch","adore","cherish"
"252","63069f585b35a5ec752fcd30","test_ValenceMatch","7","ValenceMatchingOnly","corrode","displease"
"253","63069f585b35a5ec752fcd30","control_Dissimilar","0","DissimilarControl","Push","Pull"
"254","63069f585b35a5ec752fcd30","control_MaxMismatch","11","MaxMismatch","respect","hit"
"255","63069f585b35a5ec752fcd30","test_ConceptualMatch","0","ConceptualMatchingOnly","impress","displease"
"256","63069f585b35a5ec752fcd30","control_Dissimilar","1","DissimilarControl","Begin","End"
"257","63069f585b35a5ec752fcd30","control_Similar","99","SimilarControl","Begin","Start"
"258","63069f585b35a5ec752fcd30","test_ConceptualMatch","14","ConceptualMatchingOnly","encourage","criticize"
"259","63069f585b35a5ec752fcd30","control_MaxMismatch","1","MaxMismatch","sculpt","irritate"
"260","63069f585b35a5ec752fcd30","control_Dissimilar","4","DissimilarControl","Add","Remove"
"261","63069f585b35a5ec752fcd30","test_ValenceMatch","99","ValenceMatchingOnly","hug","cherish"
"262","63069f585b35a5ec752fcd30","control_Similar","96","SimilarControl","Show","Display"
"263","63069f585b35a5ec752fcd30","control_MaxMismatch","5","MaxMismatch","sculpt","displease"
"264","63069f585b35a5ec752fcd30","test_ConceptualMatch","10","ConceptualMatchingOnly","twinkle","delete"
"265","63069f585b35a5ec752fcd30","control_MaxMatch","12","MaxMatch","slash","corrode"
"266","63069f585b35a5ec752fcd30","control_MaxMismatch","7","MaxMismatch","decorate","dishonor"
"267","63069f585b35a5ec752fcd30","test_ValenceMatch","5","ValenceMatchingOnly","corrode","dread"
"268","63069f585b35a5ec752fcd30","control_Similar","15","SimilarControl","Use","Employ"
"269","63069f585b35a5ec752fcd30","control_Similar","99","SimilarControl","End","Finish"
"270","63069f585b35a5ec752fcd30","test_ValenceMatch","10","ValenceMatchingOnly","stain","embarrass"
"271","63069f585b35a5ec752fcd30","control_Similar","95","SimilarControl","Help","Assist"
"272","63069f585b35a5ec752fcd30","control_Dissimilar","5","DissimilarControl","Enter","Exit"
"273","63069f585b35a5ec752fcd30","test_ValenceMatch","0","ValenceMatchingOnly","rust","dishonor"
"274","63069f585b35a5ec752fcd30","control_MaxMatch","94","MaxMatch","encourage","impress"
"275","63069f585b35a5ec752fcd30","control_Dissimilar","0","DissimilarControl","Come","Go"
"276","63069f585b35a5ec752fcd30","test_ConceptualMatch","0","ConceptualMatchingOnly","appreciate","irritate"
"277","63069f585b35a5ec752fcd30","control_MaxMismatch","4","MaxMismatch","like","slash"
"278","63069f585b35a5ec752fcd30","control_Similar","91","SimilarControl","Get","Obtain"
"279","63069f585b35a5ec752fcd30","test_ConceptualMatch","5","ConceptualMatchingOnly","produce","slaughter"
"280","63069f585b35a5ec752fcd30","control_MaxMismatch","0","MaxMismatch","like","rust"
"281","63069f585b35a5ec752fcd30","control_MaxMismatch","0","MaxMismatch","like","stain"
"282","63069f585b35a5ec752fcd30","test_ConceptualMatch","0","ConceptualMatchingOnly","like","dishonor"
"283","63069f585b35a5ec752fcd30","control_Similar","97","SimilarControl","Buy","Purchase"
"284","63069f585b35a5ec752fcd30","control_Dissimilar","4","DissimilarControl","Increase","Decrease"
"285","63069f585b35a5ec752fcd30","test_ValenceMatch","8","ValenceMatchingOnly","crash","displease"
"286","63069f585b35a5ec752fcd30","control_Dissimilar","4","DissimilarControl","Open","Close"
"287","63069f585b35a5ec752fcd30","control_Similar","96","SimilarControl","Need","Require"
"288","63069f585b35a5ec752fcd30","test_ValenceMatch","0","ValenceMatchingOnly","cuddle","content"
"289","63069f585b35a5ec752fcd30","control_MaxMismatch","4","MaxMismatch","hug","dread"
"290","63069f585b35a5ec752fcd30","control_MaxMatch","5","MaxMatch","offend","dishonor"
"291","63069f585b35a5ec752fcd30","test_ValenceMatch","5","ValenceMatchingOnly","corrode","criticize"
"292","63069f585b35a5ec752fcd30","control_MaxMatch","9","MaxMatch","despair","dread"
"293","63069f585b35a5ec752fcd30","control_MaxMismatch","0","MaxMismatch","encourage","corrode"
"294","63069f585b35a5ec752fcd30","test_ConceptualMatch","8","ConceptualMatchingOnly","caress","crash"
"295","63069f585b35a5ec752fcd30","control_MaxMatch","98","MaxMatch","like","admire"
"296","63069f585b35a5ec752fcd30","control_MaxMatch","99","MaxMatch","decorate","clean"
"297","63069f585b35a5ec752fcd30","test_ValenceMatch","93","ValenceMatchingOnly","caress","impress"
"298","63069f585b35a5ec752fcd30","control_Dissimilar","0","DissimilarControl","Give","Take"
"299","63069f585b35a5ec752fcd30","control_Similar","5","SimilarControl","Ask","Inquire"
"300","63069f585b35a5ec752fcd30","test_ConceptualMatch","0","ConceptualMatchingOnly","like","despair"
"301","6717a3ab506a42c9725a54ab","control_MaxMatch","13","MaxMatch","tear","delete"
"302","6717a3ab506a42c9725a54ab","test_ConceptualMatch","21","ConceptualMatchingOnly","decorate","delete"
"303","6717a3ab506a42c9725a54ab","control_MaxMismatch","18","MaxMismatch","twinkle","discourage"
"304","6717a3ab506a42c9725a54ab","control_MaxMismatch","17","MaxMismatch","admire","rust"
"305","6717a3ab506a42c9725a54ab","test_ConceptualMatch","18","ConceptualMatchingOnly","decorate","tear"
"306","6717a3ab506a42c9725a54ab","control_MaxMismatch","18","MaxMismatch","decorate","irritate"
"307","6717a3ab506a42c9725a54ab","control_MaxMatch","91","MaxMatch","appreciate","like"
"308","6717a3ab506a42c9725a54ab","test_ValenceMatch","79","ValenceMatchingOnly","decorate","adore"
"309","6717a3ab506a42c9725a54ab","control_MaxMatch","59","MaxMatch","offend","despair"
"310","6717a3ab506a42c9725a54ab","control_Similar","88","SimilarControl","Get","Obtain"
"311","6717a3ab506a42c9725a54ab","test_ValenceMatch","27","ValenceMatchingOnly","burn","criticize"
"312","6717a3ab506a42c9725a54ab","control_MaxMismatch","33","MaxMismatch","impress","rust"
"313","6717a3ab506a42c9725a54ab","control_MaxMatch","69","MaxMatch","slaughter","slash"
"314","6717a3ab506a42c9725a54ab","test_ValenceMatch","63","ValenceMatchingOnly","repair","appreciate"
"315","6717a3ab506a42c9725a54ab","control_Similar","31","SimilarControl","End","Finish"
"316","6717a3ab506a42c9725a54ab","control_Similar","82","SimilarControl","Help","Assist"
"317","6717a3ab506a42c9725a54ab","test_ConceptualMatch","25","ConceptualMatchingOnly","build","crash"
"318","6717a3ab506a42c9725a54ab","control_Dissimilar","15","DissimilarControl","Rise","Fall"
"319","6717a3ab506a42c9725a54ab","control_Similar","93","SimilarControl","Speak","Talk"
"320","6717a3ab506a42c9725a54ab","test_ValenceMatch","25","ValenceMatchingOnly","twinkle","appreciate"
"321","6717a3ab506a42c9725a54ab","control_MaxMismatch","25","MaxMismatch","reassure","corrode"
"322","6717a3ab506a42c9725a54ab","control_Dissimilar","21","DissimilarControl","Enter","Exit"
"323","6717a3ab506a42c9725a54ab","test_ConceptualMatch","21","ConceptualMatchingOnly","content","criticize"
"324","6717a3ab506a42c9725a54ab","control_Dissimilar","17","DissimilarControl","Open","Close"
"325","6717a3ab506a42c9725a54ab","control_MaxMatch","13","MaxMatch","hug","twinkle"
"326","6717a3ab506a42c9725a54ab","test_ConceptualMatch","21","ConceptualMatchingOnly","decorate","hit"
"327","6717a3ab506a42c9725a54ab","control_Dissimilar","11","DissimilarControl","Push","Pull"
"328","6717a3ab506a42c9725a54ab","control_Dissimilar","17","DissimilarControl","Give","Take"
"329","6717a3ab506a42c9725a54ab","test_ConceptualMatch","20","ConceptualMatchingOnly","admire","criticize"
"330","6717a3ab506a42c9725a54ab","control_MaxMismatch","23","MaxMismatch","encourage","corrode"
"331","6717a3ab506a42c9725a54ab","control_Dissimilar","21","DissimilarControl","Come","Go"
"332","6717a3ab506a42c9725a54ab","test_ValenceMatch","88","ValenceMatchingOnly","decorate","like"
"333","6717a3ab506a42c9725a54ab","control_Similar","73","SimilarControl","Buy","Purchase"
"334","6717a3ab506a42c9725a54ab","control_MaxMismatch","21","MaxMismatch","content","delete"
"335","6717a3ab506a42c9725a54ab","test_ValenceMatch","68","ValenceMatchingOnly","build","encourage"
"336","6717a3ab506a42c9725a54ab","control_Similar","85","SimilarControl","Begin","Start"
"337","6717a3ab506a42c9725a54ab","control_MaxMismatch","73","MaxMismatch","reassure","hit"
"338","6717a3ab506a42c9725a54ab","test_ConceptualMatch","18","ConceptualMatchingOnly","decorate","burn"
"339","6717a3ab506a42c9725a54ab","control_MaxMatch","89","MaxMatch","dishonor","discourage"
"340","6717a3ab506a42c9725a54ab","control_MaxMatch","79","MaxMatch","dishonor","dread"
"341","6717a3ab506a42c9725a54ab","test_ValenceMatch","17","ValenceMatchingOnly","slash","offend"
"342","6717a3ab506a42c9725a54ab","control_MaxMismatch","24","MaxMismatch","cherish","corrode"
"343","6717a3ab506a42c9725a54ab","control_Dissimilar","22","DissimilarControl","Add","Remove"
"344","6717a3ab506a42c9725a54ab","test_ConceptualMatch","21","ConceptualMatchingOnly","produce","tear"
"345","6717a3ab506a42c9725a54ab","control_Dissimilar","18","DissimilarControl","Arrive","Leave"
"346","6717a3ab506a42c9725a54ab","control_Dissimilar","11","DissimilarControl","Increase","Decrease"
"347","6717a3ab506a42c9725a54ab","test_ValenceMatch","37","ValenceMatchingOnly","repair","content"
"348","6717a3ab506a42c9725a54ab","control_Dissimilar","16","DissimilarControl","Begin","End"
"349","6717a3ab506a42c9725a54ab","control_MaxMatch","70","MaxMatch","tear","burn"
"350","6717a3ab506a42c9725a54ab","test_ValenceMatch","77","ValenceMatchingOnly","slash","irritate"
"351","6717a3ab506a42c9725a54ab","control_Similar","0","SimilarControl","Ask","Inquire"
"352","6717a3ab506a42c9725a54ab","control_Similar","85","SimilarControl","Need","Require"
"353","6717a3ab506a42c9725a54ab","test_ConceptualMatch","13","ConceptualMatchingOnly","cherish","criticize"
"354","6717a3ab506a42c9725a54ab","control_MaxMismatch","15","MaxMismatch","admire","burn"
"355","6717a3ab506a42c9725a54ab","control_MaxMatch","82","MaxMatch","slaughter","tear"
"356","6717a3ab506a42c9725a54ab","test_ValenceMatch","82","ValenceMatchingOnly","decorate","admire"
"357","6717a3ab506a42c9725a54ab","control_MaxMatch","79","MaxMatch","crash","corrode"
"358","6717a3ab506a42c9725a54ab","control_Similar","84","SimilarControl","Show","Display"
"359","6717a3ab506a42c9725a54ab","test_ConceptualMatch","83","ConceptualMatchingOnly","repair","crash"
"360","6717a3ab506a42c9725a54ab","control_Similar","93","SimilarControl","Use","Employ"
"361","66b3989c1078687882a1a2a5","control_Similar","99","SimilarControl","Speak","Talk"
"362","66b3989c1078687882a1a2a5","test_ConceptualMatch","0","ConceptualMatchingOnly","admire","irritate"
"363","66b3989c1078687882a1a2a5","control_MaxMismatch","0","MaxMismatch","sculpt","discourage"
"364","66b3989c1078687882a1a2a5","control_Similar","99","SimilarControl","Ask","Inquire"
"365","66b3989c1078687882a1a2a5","test_ValenceMatch","47","ValenceMatchingOnly","repair","encourage"
"366","66b3989c1078687882a1a2a5","control_Similar","95","SimilarControl","Use","Employ"
"367","66b3989c1078687882a1a2a5","control_MaxMatch","0","MaxMatch","caress","twinkle"
"368","66b3989c1078687882a1a2a5","test_ValenceMatch","17","ValenceMatchingOnly","decorate","appreciate"
"369","66b3989c1078687882a1a2a5","control_Dissimilar","0","DissimilarControl","Open","Close"
"370","66b3989c1078687882a1a2a5","control_Similar","99","SimilarControl","Begin","Start"
"371","66b3989c1078687882a1a2a5","test_ConceptualMatch","36","ConceptualMatchingOnly","clean","slash"
"372","66b3989c1078687882a1a2a5","control_MaxMatch","62","MaxMatch","hit","delete"
"373","66b3989c1078687882a1a2a5","control_Dissimilar","0","DissimilarControl","Rise","Fall"
"374","66b3989c1078687882a1a2a5","test_ValenceMatch","90","ValenceMatchingOnly","hit","embarrass"
"375","66b3989c1078687882a1a2a5","control_Dissimilar","0","DissimilarControl","Give","Take"
"376","66b3989c1078687882a1a2a5","control_MaxMatch","76","MaxMatch","despair","discourage"
"377","66b3989c1078687882a1a2a5","test_ValenceMatch","82","ValenceMatchingOnly","repair","impress"
"378","66b3989c1078687882a1a2a5","control_MaxMatch","99","MaxMatch","encourage","reassure"
"379","66b3989c1078687882a1a2a5","control_MaxMismatch","0","MaxMismatch","hug","irritate"
"380","66b3989c1078687882a1a2a5","test_ConceptualMatch","0","ConceptualMatchingOnly","twinkle","crash"
"381","66b3989c1078687882a1a2a5","control_Dissimilar","0","DissimilarControl","Come","Go"
"382","66b3989c1078687882a1a2a5","control_Dissimilar","1","DissimilarControl","Arrive","Leave"
"383","66b3989c1078687882a1a2a5","test_ValenceMatch","81","ValenceMatchingOnly","clean","encourage"
"384","66b3989c1078687882a1a2a5","control_MaxMismatch","0","MaxMismatch","admire","delete"
"385","66b3989c1078687882a1a2a5","control_MaxMatch","82","MaxMatch","displease","dread"
"386","66b3989c1078687882a1a2a5","test_ConceptualMatch","0","ConceptualMatchingOnly","hug","tear"
"387","66b3989c1078687882a1a2a5","control_Dissimilar","0","DissimilarControl","Enter","Exit"
"388","66b3989c1078687882a1a2a5","control_MaxMatch","89","MaxMatch","slash","burn"
"389","66b3989c1078687882a1a2a5","test_ValenceMatch","82","ValenceMatchingOnly","burn","dread"
"390","66b3989c1078687882a1a2a5","control_MaxMismatch","0","MaxMismatch","decorate","dread"
"391","66b3989c1078687882a1a2a5","control_Similar","95","SimilarControl","Buy","Purchase"
"392","66b3989c1078687882a1a2a5","test_ConceptualMatch","8","ConceptualMatchingOnly","content","dishonor"
"393","66b3989c1078687882a1a2a5","control_MaxMismatch","0","MaxMismatch","content","delete"
"394","66b3989c1078687882a1a2a5","control_Similar","99","SimilarControl","End","Finish"
"395","66b3989c1078687882a1a2a5","test_ConceptualMatch","0","ConceptualMatchingOnly","twinkle","stain"
"396","66b3989c1078687882a1a2a5","control_Dissimilar","0","DissimilarControl","Add","Remove"
"397","66b3989c1078687882a1a2a5","control_MaxMismatch","0","MaxMismatch","content","slaughter"
"398","66b3989c1078687882a1a2a5","test_ConceptualMatch","0","ConceptualMatchingOnly","cuddle","crash"
"399","66b3989c1078687882a1a2a5","control_MaxMatch","96","MaxMatch","dishonor","embarrass"
"400","66b3989c1078687882a1a2a5","control_Similar","98","SimilarControl","Help","Assist"
"401","66b3989c1078687882a1a2a5","test_ConceptualMatch","3","ConceptualMatchingOnly","appreciate","offend"
"402","66b3989c1078687882a1a2a5","control_MaxMatch","99","MaxMatch","embarrass","discourage"
"403","66b3989c1078687882a1a2a5","control_Similar","99","SimilarControl","Get","Obtain"
"404","66b3989c1078687882a1a2a5","test_ConceptualMatch","69","ConceptualMatchingOnly","sculpt","stain"
"405","66b3989c1078687882a1a2a5","control_MaxMismatch","0","MaxMismatch","appreciate","slash"
"406","66b3989c1078687882a1a2a5","control_Similar","99","SimilarControl","Need","Require"
"407","66b3989c1078687882a1a2a5","test_ValenceMatch","82","ValenceMatchingOnly","produce","like"
"408","66b3989c1078687882a1a2a5","control_MaxMismatch","0","MaxMismatch","produce","despair"
"409","66b3989c1078687882a1a2a5","control_Dissimilar","0","DissimilarControl","Begin","End"
"410","66b3989c1078687882a1a2a5","test_ValenceMatch","82","ValenceMatchingOnly","tear","despair"
"411","66b3989c1078687882a1a2a5","control_Dissimilar","0","DissimilarControl","Increase","Decrease"
"412","66b3989c1078687882a1a2a5","control_Similar","97","SimilarControl","Show","Display"
"413","66b3989c1078687882a1a2a5","test_ValenceMatch","84","ValenceMatchingOnly","stain","irritate"
"414","66b3989c1078687882a1a2a5","control_MaxMismatch","0","MaxMismatch","reassure","slaughter"
"415","66b3989c1078687882a1a2a5","control_Dissimilar","66","DissimilarControl","Push","Pull"
"416","66b3989c1078687882a1a2a5","test_ValenceMatch","92","ValenceMatchingOnly","produce","encourage"
"417","66b3989c1078687882a1a2a5","control_MaxMatch","94","MaxMatch","irritate","dismay"
"418","66b3989c1078687882a1a2a5","control_MaxMismatch","0","MaxMismatch","build","dread"
"419","66b3989c1078687882a1a2a5","test_ConceptualMatch","0","ConceptualMatchingOnly","cuddle","hit"
"420","66b3989c1078687882a1a2a5","control_MaxMatch","87","MaxMatch","caress","hug"
"421","652fcdc57cc2ae3b4731184b","control_Dissimilar","0","DissimilarControl","Come","Go"
"422","652fcdc57cc2ae3b4731184b","test_ValenceMatch","0","ValenceMatchingOnly","delete","embarrass"
"423","652fcdc57cc2ae3b4731184b","control_Dissimilar","0","DissimilarControl","Push","Pull"
"424","652fcdc57cc2ae3b4731184b","control_MaxMatch","99","MaxMatch","like","reassure"
"425","652fcdc57cc2ae3b4731184b","test_ConceptualMatch","0","ConceptualMatchingOnly","adore","embarrass"
"426","652fcdc57cc2ae3b4731184b","control_MaxMismatch","0","MaxMismatch","build","displease"
"427","652fcdc57cc2ae3b4731184b","control_MaxMatch","0","MaxMatch","tear","hit"
"428","652fcdc57cc2ae3b4731184b","test_ValenceMatch","43","ValenceMatchingOnly","build","appreciate"
"429","652fcdc57cc2ae3b4731184b","control_MaxMatch","97","MaxMatch","appreciate","admire"
"430","652fcdc57cc2ae3b4731184b","control_MaxMatch","99","MaxMatch","respect","cherish"
"431","652fcdc57cc2ae3b4731184b","test_ConceptualMatch","0","ConceptualMatchingOnly","impress","discourage"
"432","652fcdc57cc2ae3b4731184b","control_Similar","99","SimilarControl","Buy","Purchase"
"433","652fcdc57cc2ae3b4731184b","control_MaxMismatch","38","MaxMismatch","content","corrode"
"434","652fcdc57cc2ae3b4731184b","test_ConceptualMatch","0","ConceptualMatchingOnly","build","crash"
"435","652fcdc57cc2ae3b4731184b","control_Dissimilar","0","DissimilarControl","Begin","End"
"436","652fcdc57cc2ae3b4731184b","control_MaxMismatch","65","MaxMismatch","decorate","despair"
"437","652fcdc57cc2ae3b4731184b","test_ValenceMatch","58","ValenceMatchingOnly","twinkle","encourage"
"438","652fcdc57cc2ae3b4731184b","control_Similar","99","SimilarControl","Ask","Inquire"
"439","652fcdc57cc2ae3b4731184b","control_Dissimilar","0","DissimilarControl","Open","Close"
"440","652fcdc57cc2ae3b4731184b","test_ValenceMatch","99","ValenceMatchingOnly","stain","offend"
"441","652fcdc57cc2ae3b4731184b","control_Dissimilar","0","DissimilarControl","Add","Remove"
"442","652fcdc57cc2ae3b4731184b","control_MaxMatch","0","MaxMatch","produce","decorate"
"443","652fcdc57cc2ae3b4731184b","test_ValenceMatch","99","ValenceMatchingOnly","slaughter","dishonor"
"444","652fcdc57cc2ae3b4731184b","control_MaxMatch","85","MaxMatch","cuddle","repair"
"445","652fcdc57cc2ae3b4731184b","control_Similar","98","SimilarControl","Begin","Start"
"446","652fcdc57cc2ae3b4731184b","test_ConceptualMatch","0","ConceptualMatchingOnly","hug","slash"
"447","652fcdc57cc2ae3b4731184b","control_MaxMatch","52","MaxMatch","cuddle","produce"
"448","652fcdc57cc2ae3b4731184b","control_Dissimilar","0","DissimilarControl","Rise","Fall"
"449","652fcdc57cc2ae3b4731184b","test_ConceptualMatch","0","ConceptualMatchingOnly","adore","criticize"
"450","652fcdc57cc2ae3b4731184b","control_Dissimilar","0","DissimilarControl","Increase","Decrease"
"451","652fcdc57cc2ae3b4731184b","control_Dissimilar","0","DissimilarControl","Enter","Exit"
"452","652fcdc57cc2ae3b4731184b","test_ConceptualMatch","0","ConceptualMatchingOnly","impress","offend"
"453","652fcdc57cc2ae3b4731184b","control_MaxMatch","99","MaxMatch","encourage","adore"
"454","652fcdc57cc2ae3b4731184b","control_Similar","99","SimilarControl","End","Finish"
"455","652fcdc57cc2ae3b4731184b","test_ValenceMatch","0","ValenceMatchingOnly","clean","encourage"
"456","652fcdc57cc2ae3b4731184b","control_MaxMismatch","0","MaxMismatch","adore","slaughter"
"457","652fcdc57cc2ae3b4731184b","control_MaxMismatch","97","MaxMismatch","hug","embarrass"
"458","652fcdc57cc2ae3b4731184b","test_ValenceMatch","99","ValenceMatchingOnly","slaughter","offend"
"459","652fcdc57cc2ae3b4731184b","control_Similar","98","SimilarControl","Help","Assist"
"460","652fcdc57cc2ae3b4731184b","control_MaxMismatch","0","MaxMismatch","cherish","crash"
"461","652fcdc57cc2ae3b4731184b","test_ConceptualMatch","0","ConceptualMatchingOnly","sculpt","rust"
"462","652fcdc57cc2ae3b4731184b","control_Similar","99","SimilarControl","Speak","Talk"
"463","652fcdc57cc2ae3b4731184b","control_MaxMismatch","0","MaxMismatch","decorate","dishonor"
"464","652fcdc57cc2ae3b4731184b","test_ConceptualMatch","0","ConceptualMatchingOnly","admire","offend"
"465","652fcdc57cc2ae3b4731184b","control_Dissimilar","0","DissimilarControl","Give","Take"
"466","652fcdc57cc2ae3b4731184b","control_Similar","67","SimilarControl","Use","Employ"
"467","652fcdc57cc2ae3b4731184b","test_ValenceMatch","0","ValenceMatchingOnly","produce","adore"
"468","652fcdc57cc2ae3b4731184b","control_MaxMismatch","0","MaxMismatch","caress","dismay"
"469","652fcdc57cc2ae3b4731184b","control_Similar","99","SimilarControl","Get","Obtain"
"470","652fcdc57cc2ae3b4731184b","test_ValenceMatch","68","ValenceMatchingOnly","burn","irritate"
"471","652fcdc57cc2ae3b4731184b","control_Similar","99","SimilarControl","Need","Require"
"472","652fcdc57cc2ae3b4731184b","control_MaxMismatch","38","MaxMismatch","sculpt","embarrass"
"473","652fcdc57cc2ae3b4731184b","test_ConceptualMatch","0","ConceptualMatchingOnly","encourage","dread"
"474","652fcdc57cc2ae3b4731184b","control_Dissimilar","0","DissimilarControl","Arrive","Leave"
"475","652fcdc57cc2ae3b4731184b","control_MaxMatch","0","MaxMatch","hug","decorate"
"476","652fcdc57cc2ae3b4731184b","test_ValenceMatch","0","ValenceMatchingOnly","sculpt","impress"
"477","652fcdc57cc2ae3b4731184b","control_MaxMatch","40","MaxMatch","slaughter","tear"
"478","652fcdc57cc2ae3b4731184b","control_MaxMismatch","0","MaxMismatch","like","tear"
"479","652fcdc57cc2ae3b4731184b","test_ConceptualMatch","0","ConceptualMatchingOnly","produce","delete"
"480","652fcdc57cc2ae3b4731184b","control_Similar","99","SimilarControl","Show","Display"
"481","675088c65bc8f118eaac066a","control_Similar","99","SimilarControl","Use","Employ"
"482","675088c65bc8f118eaac066a","test_ValenceMatch","60","ValenceMatchingOnly","delete","offend"
"483","675088c65bc8f118eaac066a","control_MaxMatch","0","MaxMatch","hug","twinkle"
"484","675088c65bc8f118eaac066a","control_Dissimilar","0","DissimilarControl","Come","Go"
"485","675088c65bc8f118eaac066a","test_ConceptualMatch","0","ConceptualMatchingOnly","admire","irritate"
"486","675088c65bc8f118eaac066a","control_Dissimilar","26","DissimilarControl","Increase","Decrease"
"487","675088c65bc8f118eaac066a","control_MaxMatch","99","MaxMatch","despair","criticize"
"488","675088c65bc8f118eaac066a","test_ValenceMatch","0","ValenceMatchingOnly","sculpt","content"
"489","675088c65bc8f118eaac066a","control_MaxMismatch","0","MaxMismatch","appreciate","hit"
"490","675088c65bc8f118eaac066a","control_Dissimilar","37","DissimilarControl","Open","Close"
"491","675088c65bc8f118eaac066a","test_ConceptualMatch","0","ConceptualMatchingOnly","produce","slaughter"
"492","675088c65bc8f118eaac066a","control_MaxMatch","0","MaxMatch","hug","produce"
"493","675088c65bc8f118eaac066a","control_MaxMismatch","0","MaxMismatch","clean","criticize"
"494","675088c65bc8f118eaac066a","test_ConceptualMatch","0","ConceptualMatchingOnly","admire","dread"
"495","675088c65bc8f118eaac066a","control_MaxMatch","99","MaxMatch","offend","discourage"
"496","675088c65bc8f118eaac066a","control_MaxMismatch","0","MaxMismatch","produce","displease"
"497","675088c65bc8f118eaac066a","test_ValenceMatch","0","ValenceMatchingOnly","decorate","encourage"
"498","675088c65bc8f118eaac066a","control_MaxMatch","0","MaxMatch","cuddle","build"
"499","675088c65bc8f118eaac066a","control_MaxMatch","99","MaxMatch","like","admire"
"500","675088c65bc8f118eaac066a","test_ConceptualMatch","31","ConceptualMatchingOnly","impress","dishonor"
"501","675088c65bc8f118eaac066a","control_MaxMismatch","0","MaxMismatch","hug","embarrass"
"502","675088c65bc8f118eaac066a","control_Similar","99","SimilarControl","Help","Assist"
"503","675088c65bc8f118eaac066a","test_ValenceMatch","0","ValenceMatchingOnly","slash","offend"
"504","675088c65bc8f118eaac066a","control_Dissimilar","60","DissimilarControl","Arrive","Leave"
"505","675088c65bc8f118eaac066a","control_MaxMismatch","0","MaxMismatch","impress","slaughter"
"506","675088c65bc8f118eaac066a","test_ConceptualMatch","33","ConceptualMatchingOnly","appreciate","discourage"
"507","675088c65bc8f118eaac066a","control_MaxMismatch","0","MaxMismatch","reassure","hit"
"508","675088c65bc8f118eaac066a","control_Similar","99","SimilarControl","Show","Display"
"509","675088c65bc8f118eaac066a","test_ValenceMatch","0","ValenceMatchingOnly","decorate","content"
"510","675088c65bc8f118eaac066a","control_Dissimilar","30","DissimilarControl","Begin","End"
"511","675088c65bc8f118eaac066a","control_MaxMismatch","0","MaxMismatch","sculpt","discourage"
"512","675088c65bc8f118eaac066a","test_ValenceMatch","0","ValenceMatchingOnly","crash","dishonor"
"513","675088c65bc8f118eaac066a","control_Dissimilar","57","DissimilarControl","Rise","Fall"
"514","675088c65bc8f118eaac066a","control_MaxMatch","0","MaxMatch","embarrass","dismay"
"515","675088c65bc8f118eaac066a","test_ValenceMatch","0","ValenceMatchingOnly","stain","dread"
"516","675088c65bc8f118eaac066a","control_Dissimilar","0","DissimilarControl","Give","Take"
"517","675088c65bc8f118eaac066a","control_MaxMismatch","0","MaxMismatch","build","despair"
"518","675088c65bc8f118eaac066a","test_ConceptualMatch","0","ConceptualMatchingOnly","like","irritate"
"519","675088c65bc8f118eaac066a","control_MaxMismatch","0","MaxMismatch","respect","slash"
"520","675088c65bc8f118eaac066a","control_Similar","99","SimilarControl","End","Finish"
"521","675088c65bc8f118eaac066a","test_ValenceMatch","35","ValenceMatchingOnly","slaughter","dismay"
"522","675088c65bc8f118eaac066a","control_Similar","99","SimilarControl","Need","Require"
"523","675088c65bc8f118eaac066a","control_MaxMatch","0","MaxMatch","build","twinkle"
"524","675088c65bc8f118eaac066a","test_ConceptualMatch","99","ConceptualMatchingOnly","like","criticize"
"525","675088c65bc8f118eaac066a","control_Dissimilar","61","DissimilarControl","Enter","Exit"
"526","675088c65bc8f118eaac066a","control_Similar","99","SimilarControl","Ask","Inquire"
"527","675088c65bc8f118eaac066a","test_ValenceMatch","99","ValenceMatchingOnly","caress","encourage"
"528","675088c65bc8f118eaac066a","control_MaxMatch","99","MaxMatch","embarrass","dread"
"529","675088c65bc8f118eaac066a","control_MaxMismatch","0","MaxMismatch","cherish","delete"
"530","675088c65bc8f118eaac066a","test_ValenceMatch","0","ValenceMatchingOnly","rust","embarrass"
"531","675088c65bc8f118eaac066a","control_MaxMatch","97","MaxMatch","impress","like"
"532","675088c65bc8f118eaac066a","control_Dissimilar","33","DissimilarControl","Push","Pull"
"533","675088c65bc8f118eaac066a","test_ConceptualMatch","0","ConceptualMatchingOnly","hug","corrode"
"534","675088c65bc8f118eaac066a","control_Similar","99","SimilarControl","Buy","Purchase"
"535","675088c65bc8f118eaac066a","control_Similar","99","SimilarControl","Get","Obtain"
"536","675088c65bc8f118eaac066a","test_ConceptualMatch","0","ConceptualMatchingOnly","reassure","dishonor"
"537","675088c65bc8f118eaac066a","control_Similar","99","SimilarControl","Speak","Talk"
"538","675088c65bc8f118eaac066a","control_Dissimilar","33","DissimilarControl","Add","Remove"
"539","675088c65bc8f118eaac066a","test_ConceptualMatch","0","ConceptualMatchingOnly","build","corrode"
"540","675088c65bc8f118eaac066a","control_Similar","99","SimilarControl","Begin","Start"
"541","5d55d43e25dd4c00174122dc","control_MaxMismatch","0","MaxMismatch","sculpt","criticize"
"542","5d55d43e25dd4c00174122dc","test_ConceptualMatch","0","ConceptualMatchingOnly","produce","corrode"
"543","5d55d43e25dd4c00174122dc","control_MaxMismatch","0","MaxMismatch","reassure","corrode"
"544","5d55d43e25dd4c00174122dc","control_Similar","70","SimilarControl","Ask","Inquire"
"545","5d55d43e25dd4c00174122dc","test_ConceptualMatch","0","ConceptualMatchingOnly","caress","burn"
"546","5d55d43e25dd4c00174122dc","control_MaxMatch","60","MaxMatch","slash","burn"
"547","5d55d43e25dd4c00174122dc","control_MaxMatch","71","MaxMatch","despair","displease"
"548","5d55d43e25dd4c00174122dc","test_ValenceMatch","5","ValenceMatchingOnly","repair","admire"
"549","5d55d43e25dd4c00174122dc","control_Dissimilar","59","DissimilarControl","Come","Go"
"550","5d55d43e25dd4c00174122dc","control_Similar","93","SimilarControl","Buy","Purchase"
"551","5d55d43e25dd4c00174122dc","test_ConceptualMatch","0","ConceptualMatchingOnly","sculpt","corrode"
"552","5d55d43e25dd4c00174122dc","control_MaxMatch","39","MaxMatch","caress","produce"
"553","5d55d43e25dd4c00174122dc","control_Dissimilar","46","DissimilarControl","Increase","Decrease"
"554","5d55d43e25dd4c00174122dc","test_ConceptualMatch","47","ConceptualMatchingOnly","decorate","stain"
"555","5d55d43e25dd4c00174122dc","control_MaxMatch","40","MaxMatch","content","impress"
"556","5d55d43e25dd4c00174122dc","control_MaxMismatch","0","MaxMismatch","decorate","despair"
"557","5d55d43e25dd4c00174122dc","test_ValenceMatch","36","ValenceMatchingOnly","caress","reassure"
"558","5d55d43e25dd4c00174122dc","control_Dissimilar","41","DissimilarControl","Give","Take"
"559","5d55d43e25dd4c00174122dc","control_MaxMatch","0","MaxMatch","tear","stain"
"560","5d55d43e25dd4c00174122dc","test_ValenceMatch","21","ValenceMatchingOnly","decorate","respect"
"561","5d55d43e25dd4c00174122dc","control_MaxMatch","17","MaxMatch","rust","slash"
"562","5d55d43e25dd4c00174122dc","control_MaxMismatch","0","MaxMismatch","caress","offend"
"563","5d55d43e25dd4c00174122dc","test_ConceptualMatch","0","ConceptualMatchingOnly","cuddle","rust"
"564","5d55d43e25dd4c00174122dc","control_Similar","34","SimilarControl","Show","Display"
"565","5d55d43e25dd4c00174122dc","control_MaxMatch","44","MaxMatch","content","respect"
"566","5d55d43e25dd4c00174122dc","test_ValenceMatch","40","ValenceMatchingOnly","crash","dread"
"567","5d55d43e25dd4c00174122dc","control_Similar","84","SimilarControl","Need","Require"
"568","5d55d43e25dd4c00174122dc","control_Dissimilar","41","DissimilarControl","Enter","Exit"
"569","5d55d43e25dd4c00174122dc","test_ConceptualMatch","0","ConceptualMatchingOnly","appreciate","embarrass"
"570","5d55d43e25dd4c00174122dc","control_Dissimilar","45","DissimilarControl","Rise","Fall"
"571","5d55d43e25dd4c00174122dc","control_MaxMismatch","0","MaxMismatch","repair","offend"
"572","5d55d43e25dd4c00174122dc","test_ValenceMatch","72","ValenceMatchingOnly","hug","like"
"573","5d55d43e25dd4c00174122dc","control_Similar","97","SimilarControl","Use","Employ"
"574","5d55d43e25dd4c00174122dc","control_MaxMismatch","0","MaxMismatch","admire","hit"
"575","5d55d43e25dd4c00174122dc","test_ValenceMatch","33","ValenceMatchingOnly","stain","discourage"
"576","5d55d43e25dd4c00174122dc","control_MaxMatch","0","MaxMatch","caress","sculpt"
"577","5d55d43e25dd4c00174122dc","control_MaxMatch","44","MaxMatch","slaughter","stain"
"578","5d55d43e25dd4c00174122dc","test_ConceptualMatch","5","ConceptualMatchingOnly","respect","offend"
"579","5d55d43e25dd4c00174122dc","control_MaxMismatch","0","MaxMismatch","hug","dismay"
"580","5d55d43e25dd4c00174122dc","control_MaxMismatch","0","MaxMismatch","appreciate","slash"
"581","5d55d43e25dd4c00174122dc","test_ConceptualMatch","6","ConceptualMatchingOnly","like","dismay"
"582","5d55d43e25dd4c00174122dc","control_Similar","81","SimilarControl","Begin","Start"
"583","5d55d43e25dd4c00174122dc","control_Dissimilar","33","DissimilarControl","Begin","End"
"584","5d55d43e25dd4c00174122dc","test_ValenceMatch","0","ValenceMatchingOnly","decorate","reassure"
"585","5d55d43e25dd4c00174122dc","control_Similar","99","SimilarControl","Speak","Talk"
"586","5d55d43e25dd4c00174122dc","control_Similar","88","SimilarControl","Get","Obtain"
"587","5d55d43e25dd4c00174122dc","test_ValenceMatch","29","ValenceMatchingOnly","hit","despair"
"588","5d55d43e25dd4c00174122dc","control_Dissimilar","34","DissimilarControl","Add","Remove"
"589","5d55d43e25dd4c00174122dc","control_MaxMatch","8","MaxMatch","crash","corrode"
"590","5d55d43e25dd4c00174122dc","test_ValenceMatch","0","ValenceMatchingOnly","rust","criticize"
"591","5d55d43e25dd4c00174122dc","control_MaxMismatch","0","MaxMismatch","clean","embarrass"
"592","5d55d43e25dd4c00174122dc","control_MaxMismatch","0","MaxMismatch","adore","slaughter"
"593","5d55d43e25dd4c00174122dc","test_ConceptualMatch","0","ConceptualMatchingOnly","caress","crash"
"594","5d55d43e25dd4c00174122dc","control_Dissimilar","19","DissimilarControl","Open","Close"
"595","5d55d43e25dd4c00174122dc","control_Dissimilar","22","DissimilarControl","Arrive","Leave"
"596","5d55d43e25dd4c00174122dc","test_ValenceMatch","10","ValenceMatchingOnly","slash","despair"
"597","5d55d43e25dd4c00174122dc","control_Similar","74","SimilarControl","Help","Assist"
"598","5d55d43e25dd4c00174122dc","control_Similar","40","SimilarControl","End","Finish"
"599","5d55d43e25dd4c00174122dc","test_ConceptualMatch","0","ConceptualMatchingOnly","reassure","criticize"
"600","5d55d43e25dd4c00174122dc","control_Dissimilar","33","DissimilarControl","Push","Pull"
